date,Atlanta,Boston,Chicago,Cleveland,Dallas,KC,Minneapolis,National,NY,Philadelphia,Richmond,SF,SL,Consensus
1970-05,-0.68,-0.88235294,-0.62962963,-0.625,-0.2,-0.36842105,-0.75,-1.0,-0.27272727,-0.5,-0.29411765,-0.42857143,-1.0,-0.55256833
1970-06,-0.58333333,-0.29411765,-0.6875,-0.56521739,-0.61290323,0.16666667,-0.89473684,-0.53333333,-0.85714286,-0.84615385,-0.75,-0.64705882,0.11111111,-0.53836552
1970-07,-0.33333333,-0.2,-0.46666667,-0.5,0.07692308,-0.52941176,-0.73913043,-0.37931034,-0.2,-0.77777778,-0.66666667,-0.6,-0.68421053,-0.46835617
1970-08,-0.69230769,0.07692308,-0.5,-0.36842105,-0.65217391,-0.6,-0.51724138,-0.77777778,-0.33333333,-0.81818182,-0.17647059,-0.64705882,-0.7,-0.49402213
1970-09,-0.47368421,-0.13043478,-0.42857143,-0.29411765,0.08333333,0.2,-0.7,-0.33333333,-0.04761905,-0.69230769,-0.04,-0.18518519,-0.30434783,-0.25107787
1970-10,-0.78947368,-0.16666667,-0.56521739,0.0,1.0,-0.47826087,-0.46153846,-0.71428571,-0.64705882,-0.75,-0.14285714,-0.33333333,-0.4,-0.31120053
1970-11,-0.40740741,-0.15789474,-0.36,-0.7,-0.44444444,-0.52,-0.78947368,-0.69230769,-0.57894737,-0.66666667,-0.33333333,-0.47368421,-0.46153846,-0.49111586
1970-12,-0.30769231,-0.57142857,-0.58333333,0.2,0.5,0.36842105,-0.52941176,-0.6875,-0.06666667,-0.66666667,-0.27272727,-0.33333333,-0.52941176,-0.23268755
1971-01,-0.2173913,,-0.24137931,0.125,0.06666667,-0.22580645,-0.52380952,-0.13333333,-0.38461538,-0.33333333,-0.08333333,-0.23076923,-0.17647059,-0.20229471
1971-02,-0.28571429,-0.05882353,-0.26315789,0.0,-0.25,0.33333333,-1.0,-0.55555556,-0.2,0.22222222,-0.33333333,-0.18181818,0.25,-0.14727431
1971-03,-0.46666667,-0.7,-0.1,-0.04347826,-0.36842105,0.0,-0.2,-0.5,-0.38461538,-0.6,0.64705882,-0.3,0.11111111,-0.20041762
1971-04,-0.25,-0.33333333,-0.66666667,-0.33333333,-0.625,-0.08333333,0.29411765,-0.68421053,-0.76470588,-0.64705882,0.04347826,-0.25,-0.23809524,-0.32116089
1971-05,-0.11111111,0.28571429,-0.18518519,0.0,-0.05263158,0.2,0.17647059,0.25,-0.15789474,0.14285714,0.36842105,-0.05263158,0.5,0.09283407
1971-06,0.1,-0.16666667,-0.27272727,0.15789474,-0.5,-0.37931034,0.27272727,0.27272727,-0.11111111,0.0,0.2,-0.05263158,0.04347826,-0.05902889
1971-07,-0.04347826,-0.23076923,0.0,-0.75,0.0,0.15789474,-0.14285714,-0.04761905,-0.68421053,-0.66666667,0.29411765,0.0,0.625,-0.12008079
1971-08,-0.4,-0.08333333,0.0,-0.52380952,0.625,-0.53846154,-0.23076923,-0.38888889,-0.625,-0.75,0.04761905,-0.28571429,-0.05882353,-0.23527437
1971-09,0.72727273,-0.07692308,0.17647059,0.09090909,-0.06666667,-0.06666667,0.33333333,0.29411765,0.14285714,0.28571429,0.36842105,0.375,0.52941176,0.2349278
1971-10,-0.12,0.0,-0.39130435,-0.33333333,0.76470588,-0.23529412,0.2,-0.18518519,0.2,-0.5,0.33333333,0.3,0.6,0.06817562
1971-11,-0.07692308,-0.71428571,-0.25925926,-0.27272727,0.33333333,-0.15789474,0.46666667,-0.2173913,-0.33333333,0.375,-0.47826087,-0.05882353,0.04761905,-0.09407406
1971-12,0.11111111,-0.04347826,0.11111111,-0.73913043,0.2,0.26666667,0.53846154,-0.40740741,-0.15789474,0.09090909,0.11111111,0.04761905,-0.16129032,0.03126633
1972-02,0.125,-0.125,0.18918919,0.0,-0.15151515,0.375,0.30434783,-0.13333333,-0.26315789,0.27272727,0.46666667,0.25,0.46666667,0.15916038
1972-03,0.53846154,0.0,-0.14285714,0.04347826,0.55555556,0.75,0.0,0.12,0.18181818,0.41666667,0.38461538,0.04347826,0.15384615,0.24375524
1972-04,0.53846154,0.06666667,0.33333333,0.45454545,0.38461538,0.82608696,0.2,0.42222222,-0.25,,0.4,0.48148148,0.2,0.33047189
1972-05,-0.04,-0.23076923,0.28571429,-0.33333333,0.5,0.78571429,0.55555556,-0.24137931,0.38461538,0.875,0.36842105,0.04347826,0.26315789,0.28812951
1972-06,0.27272727,0.38461538,-0.04,0.46666667,0.66666667,0.33333333,0.07692308,0.52631579,-0.42857143,0.71428571,0.45454545,0.15789474,0.6,0.30492391
1972-07,0.6,0.23809524,0.13333333,0.18181818,0.6,0.31034483,-0.21428571,0.22222222,-0.42857143,0.26315789,0.26315789,0.30769231,0.2,0.20456188
1972-08,-0.53846154,-0.125,0.44,0.2,0.35135135,0.7,0.28571429,0.24137931,0.07692308,0.23809524,0.39130435,0.26315789,0.52380952,0.23390785
1972-09,0.42857143,-0.09090909,0.1,0.33333333,0.11111111,0.25,0.9047619,0.5,0.15384615,0.71428571,0.26315789,0.45454545,0.33333333,0.32966977
1972-10,-0.33333333,-0.09090909,0.30769231,-0.2,0.5,0.24137931,0.77777778,0.52380952,0.11111111,0.6,0.6,0.9,-0.1,0.27614317
1972-11,-0.63636364,-0.11111111,0.05882353,0.45454545,0.6,0.63636364,0.04761905,0.33333333,0.16666667,0.27272727,0.36363636,-0.30434783,0.28571429,0.15285614
1972-12,-0.14285714,-0.15789474,-0.30769231,0.26666667,0.51724138,0.28,0.39130435,0.39393939,0.17647059,0.27272727,0.56521739,0.33333333,0.09677419,0.19094092
1973-01,0.22222222,-0.5,-0.15384615,0.1875,0.46666667,-0.18181818,-0.39130435,0.36,0.26315789,0.52380952,0.65217391,0.22222222,0.27272727,0.13195925
1973-02,-0.4,-0.16666667,-0.28,0.0,-0.04,0.31034483,-0.45454545,0.2,-0.07692308,0.78947368,0.52380952,-0.10344828,0.47826087,0.04835879
1973-03,-0.07692308,-0.2173913,-0.08333333,0.2173913,0.66666667,-0.15789474,-0.52941176,-0.13043478,-0.52941176,0.63636364,0.61538462,0.16666667,0.04347826,0.0626321
1973-04,-0.44444444,-0.29411765,-0.5,-0.5,0.0625,-0.28,-0.15789474,-0.47826087,-0.11111111,0.36363636,0.58333333,-0.16666667,0.22222222,-0.10187856
1973-05,0.0,-0.61904762,-0.13333333,-0.375,0.35294118,-0.44,-0.37931034,0.0,-0.26666667,0.625,0.5,-0.18181818,-0.04,-0.07976958
1973-06,-0.68421053,-0.69230769,-0.73913043,-0.56521739,0.0,-0.03703704,-0.2,-0.23529412,-0.29411765,0.41176471,0.18181818,0.09090909,-0.375,-0.2418774
1973-07,-0.23076923,-0.76470588,-0.72727273,-0.26315789,0.25,-0.54285714,-0.03448276,-0.5862069,-0.84615385,-0.17647059,0.25,-0.78571429,-0.7037037,-0.38127401
1973-08,-0.11111111,-0.47368421,-0.04347826,-0.30769231,-0.07692308,-0.52941176,0.04761905,-0.1,-1.0,0.22222222,0.26315789,-0.52,-0.14285714,-0.22267989
1973-09,-0.30769231,-0.36363636,-0.2,-0.36363636,0.09677419,-0.56521739,0.05263158,-0.48148148,-0.61904762,0.14285714,0.33333333,-0.12,0.09090909,-0.15189373
1973-10,-0.38461538,-0.16666667,-0.42857143,-0.55555556,0.27272727,-0.4375,0.40740741,-0.24528302,-0.64705882,0.27272727,-0.5,-0.51724138,-0.53846154,-0.2685674
1973-11,-0.8,-0.65217391,-0.18518519,-0.66666667,-0.2,-0.33333333,-0.27272727,-0.38461538,-0.86666667,-0.17647059,-0.07692308,-0.24137931,-0.26315789,-0.39455699
1973-12,-0.6875,-0.83333333,-0.12,-0.44827586,-0.33333333,-0.51724138,-0.33333333,-0.33333333,-0.72727273,0.0,-0.33333333,-0.35483871,-0.36363636,-0.4210082
1974-01,-0.41176471,-0.61538462,-0.7,-0.1875,-0.55555556,-0.08333333,-0.25925926,-0.30434783,-0.42857143,0.0,-0.47368421,-0.35714286,-0.36842105,-0.37005142
1974-02,-0.6875,-0.6,-0.68,-0.40740741,-0.375,0.06666667,-0.5,-0.23809524,-0.57894737,-0.33333333,-0.52380952,-0.25925926,-0.33333333,-0.43432696
1974-03,-0.875,-0.2,-0.41666667,-0.46153846,0.44444444,-0.15384615,-0.2,0.0,-0.1,-0.73333333,-0.45454545,-0.375,0.04347826,-0.29016728
1974-04,-0.3,-0.2,-0.54545455,-0.66666667,-0.78947368,-0.2,0.03703704,-0.13513514,0.46666667,0.05263158,0.30434783,0.02702703,-0.11111111,-0.16041632
1974-05,0.13333333,-0.54545455,-0.23076923,-0.40740741,-0.63636364,-0.57142857,-0.42857143,-0.41935484,0.0,0.08333333,-0.37931034,-0.2,-0.09090909,-0.27279563
1974-06,-0.6875,-0.64705882,-0.38461538,-0.19047619,-0.6,-0.29032258,-0.1875,-0.4,-0.77777778,0.18181818,-0.61904762,-0.44,-0.45945946,-0.42516164
1974-07,-0.125,-0.33333333,-0.31034483,-0.25,-0.88888889,-0.42857143,-0.22580645,-0.47619048,-0.86666667,-0.41666667,-0.33333333,-0.125,-0.11111111,-0.36789356
1974-08,0.33333333,-0.76923077,-0.53333333,-0.35714286,0.05882353,-0.5,-0.25925926,-0.45454545,-0.45454545,-0.89473684,-0.57575758,-0.1875,-0.17647059,-0.35965165
1974-09,-0.29411765,-0.71428571,-0.54545455,-0.63636364,-0.24324324,-0.21428571,-0.18181818,-0.64705882,-0.52380952,0.48148148,-0.33333333,-0.48387097,-0.15384615,-0.3202456
1974-10,-0.37931034,-0.66666667,-0.8,-0.15151515,-0.36363636,-0.23076923,-0.21052632,-0.63636364,-0.375,-0.11111111,-0.94444444,-0.39393939,-0.22222222,-0.4040951
1974-11,-0.58139535,-0.71428571,-0.80645161,-0.62162162,-0.18518519,-0.27272727,-0.41935484,-0.6744186,-0.77777778,-0.6,-0.4375,-0.375,-0.7,-0.54094161
1974-12,-0.66666667,-0.5,-0.85714286,-0.72222222,-0.67741935,-0.58333333,-0.36,-0.375,-0.71428571,-0.58333333,-0.57142857,-0.37931034,-0.51724138,-0.59436531
1975-01,-0.01886792,-0.68,-0.4375,-0.69230769,-0.30434783,0.28571429,-0.37931034,-0.7037037,-0.47826087,-0.90909091,-0.68,-0.5,-0.37142857,-0.43044999
1975-02,0.22580645,-0.67741935,-0.69230769,-0.68421053,-0.45454545,-0.38461538,-0.23076923,-0.46666667,-0.6,-0.75,-0.52941176,-0.23809524,-0.47368421,-0.4574377
1975-03,-0.55555556,-0.17241379,-0.69230769,-0.45454545,0.15789474,-0.29032258,0.11111111,-0.17241379,-0.5483871,0.04347826,-0.55555556,,-0.53846154,-0.3177332
1975-04,-0.08108108,-0.71428571,-0.23809524,-0.51351351,-0.77777778,-0.48148148,-0.13333333,-0.19047619,-0.07142857,-0.69230769,-0.41176471,-0.25925926,-0.11111111,-0.37378662
1975-05,-0.30769231,-0.48148148,-0.42857143,-0.16666667,-0.44,-0.16129032,0.2,-0.625,-0.5,-0.45454545,0.14285714,-0.28,-0.30434783,-0.26514486
1975-06,0.03225806,0.10344828,-0.41935484,0.0,-0.61290323,0.0,0.11111111,0.0,-0.09090909,0.2,-0.17647059,-0.39130435,0.14285714,-0.09177229
1975-07,0.37142857,0.04,-0.7037037,-0.20930233,-0.39393939,-0.04347826,0.28571429,-0.2,-0.58333333,0.10344828,0.0,-0.23076923,0.5,-0.07199459
1975-08,0.24137931,-0.37931034,-0.5483871,-0.13513514,-0.13333333,-0.14285714,0.33333333,-0.14285714,0.17647059,-0.07692308,0.21212121,-0.29032258,0.30434783,-0.03655137
1975-09,-0.11111111,-0.25,0.2,0.02439024,-0.13333333,-0.4,0.18181818,-0.22222222,-0.07692308,0.29411765,0.02857143,-0.8,0.23076923,-0.06764173
1975-10,-0.68,-0.35483871,-0.31578947,-0.07142857,0.44827586,-0.13043478,0.15151515,-0.55555556,-0.35714286,0.48387097,-0.125,-0.12,0.27272727,-0.06652043
1975-11,-0.375,-0.52941176,-0.40540541,0.08571429,0.05882353,0.21212121,0.36842105,-0.13333333,0.05263158,0.33333333,0.03225806,-0.15384615,0.48148148,0.01342677
1975-12,-0.05555556,-0.22222222,-0.41666667,0.0,-0.31428571,0.33333333,0.51515152,0.05263158,-0.04347826,0.0,0.03448276,0.0,0.45454545,0.02377539
1976-01,0.31428571,-0.2173913,0.04,0.17241379,0.03225806,0.28,0.2,-0.20930233,0.72413793,0.13043478,0.44827586,-0.04,0.36,0.20370124
1976-02,0.03448276,-0.25,0.33333333,0.2,-0.03448276,0.3125,0.04761905,-0.17948718,-0.50877193,0.35714286,0.10344828,-0.04761905,0.58333333,0.09424882
1976-03,0.2,-0.52380952,-0.08571429,0.46153846,-0.15151515,0.44827586,0.2,0.69230769,0.21428571,0.58333333,0.0,0.04,0.35483871,0.14510276
1976-04,0.3125,-0.33333333,0.33333333,0.41176471,-0.09677419,-0.03448276,0.41666667,0.18518519,0.22580645,0.33333333,0.28571429,-0.18181818,0.46666667,0.17828141
1976-05,0.24137931,0.2,0.16504854,0.41935484,-0.33333333,0.35714286,0.25,0.23287671,0.07142857,0.37931034,0.16129032,0.02702703,0.4375,0.19801237
1976-06,-0.5,-0.41176471,-0.17241379,0.07692308,-0.15789474,-0.61290323,-0.04347826,-0.44827586,-0.92592593,-0.15,-0.23529412,-0.65217391,0.05263158,-0.3110245
1976-07,0.04166667,-0.36842105,-0.09677419,-0.44827586,-0.29032258,0.44,-0.08108108,-0.025,-0.41176471,0.51515152,-0.35483871,-0.03703704,0.125,-0.08055809
1976-08,-0.29411765,-0.41176471,0.11111111,-0.25714286,0.38461538,-0.42857143,-0.33333333,0.09090909,-0.6969697,-0.125,-0.42857143,0.0,-0.16666667,-0.22053427
1976-09,-0.05,-0.41176471,-0.11111111,-0.38888889,-0.2,-0.41666667,0.0,-0.09677419,-0.08571429,0.15384615,-0.06666667,0.54285714,0.03703704,-0.08308933
1976-10,0.2,-0.4,0.18518519,-0.18518519,0.10344828,-0.48148148,-0.09090909,-0.18918919,0.13513514,-0.35714286,-0.12,-0.5862069,-0.10344828,-0.1417171
1976-11,-0.47368421,-0.15789474,-0.17647059,-0.07142857,0.13333333,0.16129032,-0.53846154,-0.06666667,0.33333333,-0.04761905,0.04347826,-0.46153846,-0.125,-0.11505516
1976-12,-0.03030303,-0.05263158,0.17391304,-0.03225806,0.3,-0.58333333,0.15384615,-0.33333333,-0.04761905,-0.15151515,-0.18518519,0.09090909,0.03030303,-0.02782284
1977-01,0.2,0.05263158,0.47826087,-0.23076923,0.53846154,0.5,-0.02439024,0.16129032,-0.18518519,0.09090909,-0.33333333,0.18181818,0.5483871,0.1513992
1977-02,-0.74193548,-0.41666667,-0.25925926,-0.58333333,0.17391304,-0.30769231,-0.40740741,-0.21052632,-0.76470588,-0.46153846,-0.28,0.04,-0.53846154,-0.37892394
1977-03,-0.3125,-0.12195122,-0.25,-0.05,0.20930233,-0.79310345,0.25,0.10344828,0.03448276,0.51724138,0.33333333,-0.33333333,0.37704918,-0.01162325
1977-04,0.28571429,0.0,0.46666667,0.3125,0.38888889,0.24137931,0.23529412,0.3,-0.21428571,0.57575758,0.38461538,0.13333333,0.69230769,0.29184763
1977-05,0.07692308,-0.25925926,0.45454545,0.0,0.7037037,0.0,-0.09090909,0.23076923,-0.16666667,0.5625,0.12,-0.2,0.14285714,0.11197453
1977-06,-0.27272727,0.10344828,-0.2,0.0,0.25925926,0.47826087,0.74193548,0.24324324,0.23529412,0.40740741,0.1,0.22222222,0.07317073,0.17902259
1977-07,-0.14285714,0.0,0.13333333,-0.10344828,0.11764706,0.52,0.23809524,0.05,0.28571429,0.0,0.47826087,-0.22222222,0.22580645,0.12752747
1977-08,,,-0.12195122,-0.2972973,0.04,-0.03703704,-0.26829268,-0.06382979,-0.05,0.2,-0.28,-0.03448276,-0.25925926,-0.11083203
1977-09,-0.06666667,-0.2972973,0.05882353,-0.28205128,0.22222222,0.35483871,0.17241379,-0.2,-0.5483871,-0.10526316,-0.26666667,-0.2,0.125,-0.06941949
1977-10,-0.13333333,-0.23809524,0.13333333,-0.17241379,-0.04761905,0.38461538,0.24137931,-0.11764706,0.07142857,0.29032258,-0.29032258,0.09677419,-0.04,0.02467245
1977-11,-0.09677419,-0.46666667,0.05,-0.12820513,0.4,0.3,-0.33333333,0.21428571,-0.61290323,0.44,0.14285714,0.0,0.14285714,-0.01351402
1977-12,-0.1,-0.375,0.375,-0.02564103,0.15151515,0.21428571,0.47368421,-0.07692308,-0.125,0.03225806,0.28,0.4,0.2,0.12509184
1978-01,0.15151515,0.14285714,0.13333333,-0.16666667,0.25925926,0.13043478,0.28571429,0.42857143,0.2,0.2,0.23809524,-0.25,0.2173913,0.12849449
1978-02,-0.24137931,-0.27272727,-0.09803922,-0.375,0.125,0.28571429,-0.30769231,-0.16666667,-0.62962963,-0.28571429,-0.46666667,-0.52,-0.04,-0.2355112
1978-03,-0.16666667,-0.2,-0.15151515,-0.11111111,-0.10526316,-0.16666667,0.23076923,0.03030303,-0.13043478,-0.16666667,-0.23076923,0.0625,0.42857143,-0.05893773
1978-04,-0.08571429,-0.11111111,0.0952381,0.27906977,0.41176471,-0.15384615,0.23809524,0.37931034,0.4375,-0.17647059,0.25,0.61904762,0.35714286,0.18005968
1978-05,0.36363636,-0.12,0.25,0.11111111,-0.14285714,-0.15384615,0.38461538,-0.14285714,-0.07142857,0.25,0.31034483,0.47368421,0.41935484,0.17288457
1978-06,-0.23076923,-0.09090909,0.02702703,-0.22222222,-0.13333333,0.13043478,0.26666667,0.07692308,-0.33333333,0.21428571,-0.12,-0.12,0.40740741,-0.01706213
1978-07,-0.2,-0.39130435,0.28205128,-0.2,0.16129032,-0.03030303,0.0,-0.18518519,0.03703704,-0.13333333,0.3125,-0.36,0.25925926,-0.02190023
1978-08,-0.41176471,0.2,0.09090909,-0.15789474,-0.07142857,-0.14285714,0.44827586,0.35,0.07692308,0.4,0.4,-0.16666667,0.53333333,0.09990246
1978-09,0.27272727,0.0,0.0,-0.27272727,-0.16129032,0.25714286,0.35483871,0.04,-0.46153846,-0.07142857,0.35714286,-0.05263158,0.33333333,0.0462974
1978-10,-0.35714286,-0.28,0.0,-0.51724138,0.03703704,0.4,0.04347826,-0.12820513,0.01960784,0.21428571,0.18518519,0.22580645,0.16666667,0.01147358
1978-11,-0.31428571,-0.28,-0.2972973,-0.40540541,0.0,0.27272727,-0.08333333,-0.03225806,-0.7,-0.47826087,0.17241379,-0.30769231,0.07142857,-0.19580877
1978-12,-0.51724138,-0.36363636,-0.15151515,-0.07142857,0.03225806,0.27272727,-0.15384615,0.10344828,0.14285714,-0.44827586,0.07692308,-0.41935484,0.18181818,-0.11822622
1979-01,-0.08108108,0.03703704,-0.5,-0.48571429,-0.28,-0.17241379,-0.62962963,-0.33333333,-0.13043478,-0.3,-0.30769231,-0.14285714,-0.5,-0.2910655
1979-03,-0.13636364,0.13333333,-0.02857143,-0.51515152,0.07142857,0.18518519,-0.58333333,-0.03030303,-0.10344828,-0.17647059,-0.30434783,0.0625,0.08333333,-0.10932552
1979-04,0.05263158,0.0,-0.09090909,-0.5483871,-0.02857143,0.04,0.04,0.33333333,-0.23076923,-0.30769231,0.14285714,-0.33333333,0.03703704,-0.10226139
1979-05,-0.44444444,0.26315789,-0.20833333,-0.47058824,-0.21428571,-0.12,-0.48484848,0.16129032,-0.28,0.14285714,0.0,0.11111111,-0.40740741,-0.17606512
1979-07,-0.48387097,-0.46666667,-0.28301887,-0.70588235,-0.14285714,-0.04347826,-0.09589041,-0.42857143,-0.41935484,-0.38461538,-0.39393939,-0.17857143,-0.35714286,-0.32960738
1979-08,-0.37931034,-0.41935484,-0.05263158,-0.3,0.0,0.17647059,-0.56521739,-0.35294118,-0.75,-0.31034483,-0.48571429,0.08333333,-0.38888889,-0.28263819
1979-09,-0.11764706,-0.2,-0.43478261,-0.33333333,-0.3,-0.17241379,-0.36,-0.23809524,0.25925926,-0.18181818,-0.23529412,0.04761905,-0.23529412,-0.18864208
1979-10,-0.33333333,-0.13513514,-0.48571429,-0.33333333,0.11111111,0.30769231,0.0,-0.14285714,-0.03703704,-0.52,-0.58490566,-0.09677419,-0.04761905,-0.17958738
1979-11,-0.48571429,-0.48717949,-0.65432099,-0.51724138,-0.5483871,-0.61538462,-0.4,-0.17647059,-0.23076923,-0.13043478,-0.33333333,-0.25,-0.05263158,-0.3921164
1980-01,-0.20833333,-0.41935484,-0.88888889,-0.35,0.05555556,-0.30434783,-0.18518519,-0.20833333,-0.18518519,-0.25,-0.4375,-0.2,-0.4,-0.31443664
1980-03,-0.33333333,-0.12,-0.51515152,-0.35294118,-0.08571429,-0.35714286,-0.23076923,0.02439024,-0.35483871,0.0,-0.11111111,-0.14285714,-0.2,-0.23365495
1980-04,-0.75757576,-0.29032258,-0.77272727,-0.57575758,-0.5483871,-0.58823529,-0.83333333,-0.75609756,-0.70588235,-0.42857143,-0.76923077,-0.57575758,-0.62962963,-0.62295089
1980-05,-0.62162162,-0.2,-0.8974359,-0.68421053,-0.53333333,-0.6,-0.5,-0.69230769,-0.55,-0.36,-0.78947368,-0.21428571,-0.39393939,-0.52869168
1980-07,-0.13513514,-0.47826087,-0.36363636,-0.41176471,-0.31428571,-0.27777778,-0.33333333,-0.47368421,-0.52380952,-0.61290323,-0.91304348,-0.4,-0.46666667,-0.43588473
1980-08,-0.5,-0.41935484,-0.40540541,-0.4375,-0.03030303,-0.31034483,-0.07142857,-0.52,-0.29411765,-0.02857143,-0.30769231,-0.41935484,-0.375,-0.29992274
1980-09,-0.4,-0.10344828,-0.15789474,-0.21052632,-0.38888889,-0.30769231,0.13043478,-0.27272727,-0.6744186,0.15384615,-0.35483871,-0.48717949,0.03703704,-0.23029745
1980-10,-0.44827586,-0.5,-0.19230769,-0.17948718,-0.26315789,-0.15384615,-0.2,-0.33333333,-0.38095238,0.22580645,0.0,-0.66666667,-0.42857143,-0.26562157
1980-11,0.07142857,-0.08333333,-0.25,-0.35135135,0.27777778,-0.25714286,-0.2,-0.2962963,-0.2,0.18518519,-0.03703704,-0.61290323,-0.12,-0.13144802
1980-12,-0.17647059,-0.3,-0.13513514,-0.2,-0.33333333,-0.25925926,-0.14285714,-0.26829268,-0.43589744,-0.22580645,-0.14285714,-0.625,-0.37931034,-0.27966057
1981-01,-0.28571429,-0.14285714,-0.6,-0.23529412,-0.04,-0.46153846,-0.33333333,-0.46153846,0.09677419,0.18518519,-0.03448276,-0.73913043,-0.40740741,-0.24981655
1981-03,0.1875,-0.46153846,-0.31914894,0.1,0.28,0.22222222,-0.82608696,-0.07692308,0.1875,-0.02702703,-0.16666667,,,-0.08232458
1981-05,-0.31428571,,-0.30434783,-0.02564103,-0.13513514,-0.28,-0.06666667,-0.22222222,0.0625,0.13513514,0.5625,-0.29032258,-0.07692308,-0.06665335
1981-06,0.0,-0.23529412,-0.33333333,-0.25,0.0625,-0.03448276,-0.03448276,-0.11764706,-0.15151515,0.1875,-0.33333333,-0.17073171,-0.5,-0.1494311
1981-08,-0.42857143,-0.76923077,-0.4893617,-0.52941176,-0.0625,0.2,-0.47368421,-0.54716981,-0.51351351,0.37142857,-0.33333333,-0.66666667,-0.35714286,-0.33766564
1981-09,-0.31428571,-0.35483871,-0.54166667,-0.39534884,-0.31034483,-0.23076923,-0.5,-0.26086957,-0.31578947,0.11764706,-0.51724138,-0.87878788,0.0,-0.35345214
1981-11,-0.6,-0.61290323,-0.62790698,-0.52380952,-0.31428571,-0.47826087,-0.75,-0.73684211,-0.62790698,-0.36842105,-0.67741935,-0.83333333,-0.30434783,-0.5598829
1981-12,-0.62962963,-0.56097561,-0.6,-0.85,-0.02702703,-0.09090909,-0.75,-0.52380952,-0.57894737,-0.06666667,-0.73913043,-0.82857143,-0.52,-0.52015477
1982-01,-0.72972973,-0.54166667,-0.58139535,-0.56097561,-0.38888889,-0.23529412,-0.54285714,-0.8,-0.36585366,-0.03225806,-0.37931034,-0.75609756,-0.61290323,-0.4772692
1982-03,-0.53488372,-0.61111111,-0.62264151,-0.4375,-0.3,-0.23809524,-0.47619048,-0.57377049,-0.73684211,-0.16129032,-0.5625,-0.74358974,-0.2,-0.46872035
1982-05,-0.20930233,-0.36842105,-0.55102041,-0.87878788,-0.26829268,-0.51724138,-0.58333333,-0.58139535,-0.6,-0.26666667,-0.375,-0.63636364,-0.36,-0.46786911
1982-06,-0.28,-0.35135135,-0.52380952,-0.5862069,-0.37142857,-0.06666667,-0.58139535,-0.61538462,-0.60869565,-0.11111111,-0.55555556,-0.53846154,0.10344828,-0.37260283
1982-08,-0.07317073,0.02564103,-0.72222222,-0.80487805,-0.15151515,-0.31034483,-0.5,-0.69230769,-0.64102564,-0.28571429,-0.52941176,-0.61111111,-0.2,-0.40031273
1982-09,-0.36363636,0.03225806,-0.38461538,-0.63636364,-0.25714286,0.03225806,-0.76923077,-0.45945946,-0.45945946,-0.28571429,-0.48387097,-0.72413793,0.51724138,-0.31520118
1982-11,-0.37254902,-0.1,-0.54716981,-0.38461538,-0.10526316,-0.4,-0.3125,-0.38095238,-0.38095238,-0.3,-0.5,-0.65714286,0.06666667,-0.33279383
1982-12,-0.125,0.0,-0.56521739,-0.63157895,0.31428571,0.0,-0.04,0.23809524,-0.31428571,-0.0952381,0.0,-0.52941176,-0.03448276,-0.16841075
1983-02,-0.13043478,0.125,-0.26530612,0.04166667,-0.07142857,0.13333333,0.10526316,-0.1,0.20930233,0.33333333,0.07692308,-0.30769231,0.5,0.06249668
1983-03,0.09090909,0.31818182,-0.08333333,-0.07692308,0.12820513,0.4375,-0.12820513,0.13636364,0.02564103,0.33333333,0.18518519,0.10526316,0.28571429,0.13512262
1983-05,0.0,0.13636364,-0.05263158,0.17857143,0.27777778,0.12,-0.09090909,-0.08823529,0.16981132,,0.5625,-0.1,0.41935484,0.14734894
1983-07,0.27659574,0.11111111,-0.05454545,0.29411765,0.19047619,0.52,0.05555556,0.12820513,0.0,0.43589744,0.28571429,0.31578947,0.33333333,0.23033711
1983-08,0.18518519,-0.09090909,-0.14893617,0.13043478,0.125,0.29032258,0.45098039,0.09803922,0.17241379,0.25,0.33333333,0.35135135,0.18518519,0.18619678
1983-09,-0.12,-0.04,-0.26315789,0.0,0.07692308,0.09090909,0.33333333,-0.08571429,-0.36585366,0.17073171,0.17241379,-0.17073171,0.06666667,-0.0040638
1983-11,0.5,0.39393939,0.18367347,0.29166667,0.31818182,0.09090909,0.23809524,0.29032258,0.26666667,0.36842105,0.13043478,-0.03703704,0.17241379,0.24311374
1983-12,0.56097561,0.14285714,0.04761905,0.2173913,0.3,-0.14285714,0.31578947,0.03703704,0.3125,0.36585366,0.28571429,0.13333333,0.53333333,0.2560425
1984-01,0.12903226,0.26666667,0.1627907,0.16666667,0.18918919,-0.09677419,0.37142857,0.23529412,0.5483871,0.85714286,0.55555556,0.6744186,0.36,0.34870866
1984-03,0.08108108,0.72413793,0.07692308,-0.25,-0.02702703,0.39393939,0.51219512,0.28,0.28571429,0.5,0.6875,0.52631579,0.0,0.29256497
1984-05,-0.12280702,0.14285714,-0.04545455,0.42105263,0.17948718,0.0,0.0,0.19148936,0.31034483,0.37142857,0.37931034,0.14285714,0.33333333,0.17603413
1984-06,-0.08,0.21428571,-0.47619048,-0.23076923,-0.11111111,-0.07692308,0.0,-0.10204082,0.25,0.2,0.38461538,-0.23809524,-0.21428571,-0.03153948
1984-08,0.0,0.05263158,-0.34883721,-0.27272727,-0.19047619,0.09677419,-0.0625,0.03448276,-0.18181818,0.26666667,0.02702703,-0.30232558,0.12,-0.06629875
1984-09,0.23809524,0.1,-0.53488372,-0.2,-0.48717949,-0.02702703,-0.15,0.12,0.30769231,0.36842105,0.46153846,-0.45833333,0.0,-0.03180638
1984-10,0.17948718,0.4375,-0.36363636,-0.17948718,-0.41935484,-0.09090909,0.21052632,0.0,-0.08333333,0.33333333,-0.05882353,-0.46938776,0.11111111,-0.03274785
1984-12,0.31578947,-0.6,-0.25490196,-0.20754717,-0.23809524,-0.06666667,0.02564103,0.07317073,-0.4,0.375,0.47368421,-0.06382979,-0.15384615,-0.06623102
1985-01,0.1627907,0.1875,-0.34883721,-0.06382979,-0.20930233,-0.03030303,0.11764706,0.38461538,0.0,0.68,-0.27272727,0.07317073,0.0,0.02467574
1985-03,0.27777778,-0.04347826,-0.33333333,0.08571429,-0.21052632,0.1,0.29032258,0.15384615,0.18518519,0.76,0.31034483,-0.10526316,-0.2173913,0.09161269
1985-05,-0.04761905,-0.40740741,-0.19047619,-0.04545455,-0.56097561,0.38461538,-0.26315789,0.0,0.11111111,0.74193548,0.17948718,-0.09677419,-0.15384615,-0.02904682
1985-06,-0.2173913,0.09677419,-0.2,-0.14285714,-0.2,-0.0625,-0.33333333,-0.25,-0.22580645,0.29032258,0.24137931,-0.15151515,-0.2,-0.09207727
1985-08,0.25714286,0.38461538,-0.24,-0.20930233,-0.41176471,-0.03030303,-0.23529412,-0.28888889,-0.28571429,0.35483871,-0.03448276,-0.17647059,0.11111111,-0.04296865
1985-09,0.12820513,0.18181818,-0.21052632,-0.27659574,-0.1627907,0.03448276,-0.2972973,-0.11538462,-0.4,0.46153846,0.30769231,-0.39393939,0.16666667,-0.0383955
1985-10,0.23809524,-0.2,-0.12727273,-0.2,-0.38461538,0.17241379,-0.125,0.0,0.07142857,0.56521739,-0.09090909,-0.22580645,0.03225806,-0.02284922
1985-12,-0.35135135,-0.28205128,-0.0952381,-0.07692308,-0.67567568,0.08571429,-0.17241379,0.0,-0.11111111,0.21428571,0.47826087,-0.35483871,0.36,-0.08177852
1986-01,0.04761905,0.62962963,-0.28888889,0.45,-0.63636364,0.42857143,0.28,-0.14285714,0.10344828,0.5,0.23076923,0.0,0.11111111,0.15465802
1986-03,0.29411765,0.18518519,0.08108108,0.15789474,-0.63636364,0.52,0.14285714,0.04545455,-0.41666667,0.48387097,0.09677419,-0.5,0.04347826,0.03768574
1986-05,0.02857143,0.22222222,0.07317073,-0.15,-0.56756757,,-0.48571429,-0.0212766,0.42857143,0.56756757,0.48148148,0.17647059,0.35714286,0.1029015
1986-06,0.24324324,0.05,0.10204082,-0.06666667,-0.67567568,0.04,0.20930233,-0.2,-0.06666667,0.61290323,-0.12,-0.03030303,0.16129032,0.03828899
1986-08,-0.09090909,-0.08333333,-0.28,0.07317073,-0.82352941,-0.31428571,0.35483871,-0.13513514,0.16666667,0.2,-0.26666667,0.12,0.16666667,-0.06478179
1986-09,-0.18181818,0.08571429,-0.24528302,-0.22222222,-0.4,0.0,0.43589744,-0.08333333,0.0,0.21212121,-0.25925926,-0.11111111,0.04,-0.05383007
1986-10,-0.04761905,0.03703704,-0.24528302,0.11111111,-0.125,-0.09090909,0.41176471,0.05882353,0.28,0.25714286,0.07692308,0.24137931,0.21428571,0.09340272
1986-12,0.06666667,0.09090909,-0.09090909,0.11764706,-0.33333333,-0.35294118,-0.14285714,0.36363636,0.3,0.41176471,0.25,0.27272727,0.33333333,0.07691728
1987-01,0.37777778,0.35294118,-0.14814815,0.13513514,-0.25,0.21428571,0.27777778,0.30769231,0.28571429,0.40540541,0.44,0.04,0.3125,0.20361576
1987-03,0.40909091,0.5,0.17241379,0.17241379,-0.37142857,0.0,0.31428571,-0.02040816,-0.33333333,0.6969697,0.38461538,-0.38461538,-0.14285714,0.11812957
1987-05,0.07692308,0.10526316,0.2173913,0.3125,-0.14285714,0.11764706,0.38461538,0.30232558,0.12,0.11111111,0.64285714,0.0625,0.16129032,0.18077012
1987-06,0.23809524,0.10344828,0.02564103,0.25,-0.31428571,-0.03030303,0.2195122,-0.14814815,-0.31034483,0.41463415,0.08333333,-0.23076923,-0.07692308,0.03100319
1987-08,0.23076923,0.24137931,0.38095238,-0.07317073,-0.09090909,-0.05882353,0.58974359,0.09090909,-0.07692308,0.16666667,0.11111111,-0.03225806,0.13333333,0.12682259
1987-09,0.5,0.28571429,0.02222222,-0.11111111,0.26315789,0.11764706,0.35294118,0.19148936,-0.16666667,0.15151515,-0.05882353,-0.125,-0.35714286,0.07287114
1987-10,0.47826087,0.23076923,0.35,0.125,-0.35135135,-0.03030303,0.45454545,0.14285714,0.07142857,0.51724138,0.14285714,0.06666667,-0.15789474,0.15810168
1987-12,-0.33333333,-0.0625,0.06976744,-0.22580645,-0.21212121,-0.05882353,0.09090909,0.0,-0.13043478,0.0,-0.11111111,-0.33333333,-0.33333333,-0.13667671
1988-01,0.12195122,0.03225806,0.26315789,0.33333333,-0.35,0.0,0.51515152,-0.17647059,-0.53846154,0.17241379,0.45454545,0.1875,-0.0625,0.09411248
1988-03,0.44444444,0.33333333,0.44444444,0.26666667,-0.35294118,-0.21428571,-0.15151515,0.31578947,0.14285714,0.35,0.24137931,0.0,0.26666667,0.1475875
1988-05,0.48717949,,0.43589744,0.45454545,0.08108108,0.17647059,0.45454545,0.36585366,-0.24137931,0.2,0.58823529,-0.0952381,0.4375,0.2708034
1988-06,-0.08695652,0.14285714,0.05555556,-0.09090909,-0.42105263,0.0625,0.48387097,0.0,-0.33333333,0.12,0.35135135,-0.5,-0.33333333,-0.04578749
1988-08,0.28205128,-0.11111111,0.27272727,0.27272727,-0.31428571,-0.06666667,0.2,0.01886792,-0.16666667,0.62162162,0.38888889,0.2972973,-0.61538462,0.08843324
1988-09,0.24444444,-0.15384615,0.08333333,-0.07142857,-0.36842105,-0.03703704,0.15151515,-0.0877193,-0.18518519,0.13333333,0.03030303,-0.2195122,-0.31428571,-0.05889888
1988-10,-0.02439024,-0.36842105,-0.21212121,0.29032258,-0.14285714,0.11111111,0.31428571,-0.14285714,-0.03448276,0.5,-0.2,0.04761905,-0.09677419,0.01535765
1988-11,-0.14285714,0.08108108,0.08571429,0.44827586,-0.42105263,-0.09090909,0.42105263,-0.11111111,-0.30769231,0.38888889,0.14285714,-0.28888889,0.0,0.02637249
1989-01,-0.14285714,0.18181818,0.19047619,0.37931034,-0.35483871,0.125,0.25,0.08108108,0.15789474,0.0,0.14285714,0.35135135,-0.26666667,0.08452879
1989-03,0.23529412,0.0,0.2,0.14285714,-0.0952381,0.0,0.33333333,-0.4,0.11111111,0.1875,-0.06666667,-0.14893617,0.04,0.07827123
1989-05,-0.33333333,-0.48387097,0.02439024,-0.07692308,-0.17073171,0.11111111,0.2,0.05263158,-0.46153846,0.0,-0.13043478,-0.1,0.03448276,-0.11557068
1989-06,-0.42857143,-0.2,-0.12820513,-0.22580645,0.02702703,-0.4,0.17647059,-0.07317073,-0.23076923,-0.35294118,0.04761905,-0.05,-0.5,-0.18876473
1989-08,-0.5483871,-0.33333333,-0.02325581,-0.24137931,0.11111111,-0.31707317,-0.07142857,-0.17073171,-0.21212121,-0.3125,0.0,-0.08571429,-0.33333333,-0.19728458
1989-09,-0.23529412,-0.40740741,-0.09090909,-0.14285714,-0.0952381,0.02702703,0.16666667,-0.02702703,-0.03703704,-0.16129032,0.26829268,0.36842105,-0.22580645,-0.04711935
1989-11,-0.48148148,0.12,0.07692308,-0.4,0.0,0.41176471,0.26315789,-0.04761905,-0.2,-0.37142857,-0.08571429,0.2,-0.48148148,-0.07902168
1989-12,-0.5,-0.42857143,-0.07142857,-0.06666667,-0.25,0.25714286,0.40540541,0.08108108,-0.35714286,-0.23076923,-0.36842105,-0.11627907,-0.5625,-0.19076922
1990-01,-0.57142857,0.03448276,0.27777778,-0.2,0.06976744,0.22580645,0.4,-0.10204082,-0.5,-0.10344828,-0.2,0.20833333,-0.10344828,-0.03851311
1990-03,-0.36842105,-0.2173913,0.14285714,-0.03448276,0.2,-0.13333333,-0.33333333,-0.39622642,-0.5483871,-0.53333333,-0.26666667,0.0,-0.18518519,-0.18980641
1990-05,-0.05555556,-0.4375,0.04347826,-0.45,0.0,-0.07692308,0.05555556,-0.14285714,-0.33333333,0.21212121,0.24137931,0.04545455,-0.51724138,-0.10604704
1990-06,-0.26666667,-0.44827586,-0.41463415,-0.16666667,-0.02222222,0.0625,0.14285714,-0.1372549,-0.42857143,-0.5,-0.03703704,0.2195122,-0.7037037,-0.2135757
1990-08,-0.28205128,-0.1875,0.02222222,-0.03448276,-0.02325581,0.0,0.14285714,-0.26530612,-0.33333333,-0.5,-0.25,-0.22580645,-0.5,-0.18094586
1990-09,-0.51724138,-0.47058824,-0.31818182,-0.21052632,0.12,-0.27272727,0.27777778,-0.4,-0.58823529,-0.86206897,-0.63636364,-0.2,-0.52,-0.34984626
1990-10,-0.65517241,-0.30769231,-0.07692308,-0.41176471,-0.22727273,-0.10344828,-0.14285714,-0.54545455,-0.62962963,-0.84615385,-0.38461538,-0.26315789,-0.52941176,-0.38150826
1990-12,-0.6,-0.44827586,-0.52380952,-0.38461538,0.0212766,-0.13513514,0.1,-0.30434783,-0.65517241,-0.66666667,-0.44444444,-0.48837209,-0.16129032,-0.3655421
1991-01,-0.41176471,-0.5483871,-0.41935484,-0.15151515,-0.13636364,-0.62162162,-0.12195122,-0.66666667,-0.52,-0.65517241,-0.42857143,-0.68,-0.48387097,-0.43154776
1991-03,-0.3,-0.16129032,-0.3877551,-0.2972973,0.0,-0.21428571,-0.22222222,-0.20930233,-0.33333333,-0.05882353,-0.45,-0.51111111,-0.45945946,-0.28296484
1991-05,-0.25714286,-0.38888889,-0.2,0.14285714,-0.45833333,0.25,-0.0625,-0.12,-0.15384615,-0.04,0.76470588,-0.15,-0.05882353,-0.05099764
1991-06,0.08108108,0.0,-0.16363636,-0.03030303,0.39130435,0.09677419,0.28205128,-0.12,-0.15789474,-0.13333333,0.02857143,0.07692308,-0.27272727,0.01656756
1991-08,-0.05882353,-0.05263158,-0.04347826,-0.35483871,-0.16981132,0.44827586,0.17647059,-0.19148936,-0.04347826,-0.08571429,0.05555556,-0.125,-0.33333333,-0.04890061
1991-09,-0.31914894,-0.51515152,0.09803922,-0.125,-0.36363636,-0.17241379,-0.16666667,-0.43478261,-0.13333333,-0.08333333,0.17241379,-0.54166667,0.0,-0.17915813
1991-10,-0.1627907,-0.4,-0.25,-0.17647059,-0.10638298,-0.15151515,0.0952381,-0.38461538,-0.30434783,-0.375,-0.2,-0.71428571,-0.14285714,-0.240701
1991-12,-0.33333333,-0.5,-0.28301887,-0.13636364,-0.2,0.03030303,0.05882353,-0.42307692,-0.35714286,0.0,-0.30769231,-0.45454545,0.0,-0.20691416
1992-01,-0.12195122,-0.46153846,-0.14285714,-0.06666667,-0.44680851,-0.13513514,0.09090909,-0.1372549,-0.38461538,0.2,-0.11764706,-0.45945946,0.0,-0.17048083
1992-03,0.36842105,-0.03030303,0.41463415,0.23076923,0.06122449,0.09677419,0.37777778,0.08108108,-0.03703704,0.15,0.64285714,-0.12195122,0.33333333,0.20720834
1992-05,0.35483871,-0.35714286,0.41463415,0.58974359,0.20754717,0.07142857,0.31707317,-0.04166667,0.1875,0.16129032,0.6,-0.30232558,0.46153846,0.22551048
1992-06,0.47368421,-0.28,0.44680851,0.48148148,0.33333333,0.26666667,0.14285714,0.25,0.15384615,0.30434783,0.25925926,-0.09090909,0.2,0.22428129
1992-08,-0.03703704,-0.28,0.34615385,0.17241379,0.24137931,0.25,-0.05555556,0.07692308,0.24137931,-0.18518519,0.23529412,-0.24528302,0.0,0.0569633
1992-09,-0.08108108,-0.22580645,0.08695652,-0.03225806,0.31914894,0.51351351,0.41935484,-0.11904762,0.18181818,0.33333333,0.33333333,-0.22222222,0.28,0.1588409
1992-11,0.13333333,0.0,0.0,0.24137931,-0.23076923,0.66666667,0.33333333,0.09090909,0.18181818,0.17241379,0.02439024,-0.30612245,0.18518519,0.11680236
1992-12,0.42857143,0.11111111,0.32075472,0.44,0.39534884,0.6969697,0.36842105,0.0,0.21428571,0.28,0.5,-0.16,0.44827586,0.3369782
1993-01,0.8125,-0.11111111,0.72222222,0.17647059,0.2,0.33333333,0.4,0.09090909,0.0,0.53333333,0.37142857,-0.2173913,0.4375,0.30485714
1993-03,0.15384615,0.03448276,0.53488372,0.62962963,0.20930233,0.14285714,-0.2,0.35714286,0.07692308,0.47058824,0.31578947,0.10526316,0.2,0.22279714
1993-05,0.56521739,-0.09090909,-0.04166667,-0.03030303,-0.26923077,0.48571429,0.4893617,0.20754717,-0.08571429,0.41935484,0.5,-0.02325581,0.06666667,0.16543627
1993-06,0.25,0.0,0.40425532,0.21212121,0.27272727,0.42857143,0.51111111,0.07692308,0.14285714,-0.23529412,0.2,-0.23404255,-0.15151515,0.15006597
1993-08,0.0,-0.07692308,0.0212766,0.09677419,-0.02325581,0.41176471,0.17073171,0.0,0.17241379,-0.2173913,-0.09090909,0.0,-0.4,0.00537348
1993-09,-0.04,-0.10344828,0.31914894,0.11111111,0.48,0.33333333,0.25,0.30769231,-0.16666667,0.21428571,0.21212121,0.09090909,-0.07142857,0.13578049
1993-11,-0.35483871,0.11111111,0.04545455,0.03225806,0.28571429,0.54285714,0.28,0.40740741,0.0,0.55555556,0.45945946,0.29166667,-0.0625,0.18222818
1993-12,0.46153846,0.03225806,0.43589744,0.2173913,0.41666667,0.41176471,0.48571429,0.26923077,0.2,0.5483871,0.66666667,0.16666667,0.31707317,0.36333538
1994-01,0.6875,-0.17647059,0.33333333,0.44444444,0.26086957,0.33333333,0.41463415,0.03448276,-0.11111111,0.72727273,0.29032258,0.17391304,0.4375,0.31796179
1994-03,0.11764706,0.0,0.3015873,0.28571429,0.24528302,0.03225806,0.16666667,0.13207547,-0.47368421,0.02325581,0.4,0.16666667,-0.46666667,0.06656067
1994-05,0.41176471,-0.07692308,0.14285714,0.11111111,0.23809524,0.375,0.19230769,0.41666667,0.44827586,0.71428571,0.53488372,0.46666667,0.3125,0.32256873
1994-06,-0.02857143,0.33333333,-0.31914894,0.0,0.07407407,0.10526316,0.37777778,0.03225806,-0.08571429,0.16666667,0.23529412,0.43478261,0.27777778,0.13096124
1994-08,0.31818182,0.07142857,0.08,0.38888889,0.19298246,0.27272727,0.40350877,0.13513514,-0.0625,0.03448276,0.3125,0.39130435,0.31428571,0.22648255
1994-09,0.2173913,-0.17241379,-0.08695652,0.28,-0.14285714,-0.03030303,0.5862069,0.12903226,-0.04,0.53846154,0.29411765,0.20833333,-0.23076923,0.11843425
1994-11,0.05555556,0.31034483,0.20754717,0.15151515,0.0,0.28571429,0.58730159,-0.01886792,-0.33333333,0.40540541,0.0625,0.11627907,0.125,0.16448581
1994-12,0.05882353,0.0,0.13636364,0.16129032,-0.04347826,0.18918919,0.2962963,0.3220339,0.0,0.55555556,0.1875,0.10526316,0.03448276,0.14010718
1995-01,0.15555556,0.36,0.2195122,0.07142857,0.24,0.27272727,0.02564103,0.20689655,-0.33333333,0.14285714,0.21212121,0.29411765,0.14285714,0.15029037
1995-03,-0.1,-0.21212121,0.2962963,-0.27272727,0.26315789,0.11764706,-0.16666667,-0.18367347,0.03703704,-0.08571429,0.35714286,0.21568627,0.03448276,0.04035173
1995-05,-0.23076923,0.09090909,0.11627907,-0.06666667,0.01886792,-0.09677419,0.11538462,-0.17073171,-0.16666667,-0.6,0.03225806,-0.07692308,-0.05555556,-0.07663805
1995-06,0.05882353,-0.07142857,0.38461538,-0.23076923,0.02040816,-0.25,0.09090909,-0.23809524,0.12,-0.66666667,-0.125,-0.1,-0.375,-0.09534236
1995-08,0.41463415,-0.24137931,0.14285714,0.1875,-0.19047619,0.39393939,0.21428571,0.01754386,-0.14285714,0.28571429,0.26315789,0.05263158,-0.26666667,0.0927784
1995-09,0.33333333,-0.24137931,0.13043478,0.2,0.10638298,-0.09090909,0.05263158,0.05,-0.4,0.48148148,-0.27777778,0.16666667,-0.06666667,0.03284983
1995-11,0.17647059,-0.35483871,0.25581395,-0.46666667,0.13043478,-0.29032258,0.31914894,-0.07317073,-0.25925926,-0.11111111,0.13333333,0.22580645,-0.48387097,-0.06042177
1995-12,0.57575758,-0.03448276,0.17391304,-0.05882353,-0.02325581,-0.125,0.18181818,-0.11111111,-0.37142857,0.2,-0.08571429,0.29032258,-0.23529412,0.04065103
1996-01,0.15,-0.02857143,0.05882353,0.08571429,0.25628141,-0.05882353,-0.26530612,-0.17647059,-0.40740741,-0.2173913,-0.1875,-0.09090909,0.5,-0.01709081
1996-03,0.15789474,0.10526316,0.23076923,0.03448276,-0.18811881,0.05555556,-0.2962963,0.1875,0.3125,0.35294118,0.45945946,0.1875,-0.1875,0.10203758
1996-05,0.17391304,0.35714286,0.06666667,0.46153846,0.14285714,0.05263158,0.23404255,-0.05263158,-0.27272727,0.42857143,0.29411765,0.28571429,0.03030303,0.18789762
1996-06,0.39534884,0.06666667,0.17391304,-0.17241379,0.13043478,0.47368421,0.28205128,0.11111111,0.36585366,0.31034483,-0.08,0.41935484,-0.14285714,0.18519843
1996-08,-0.22580645,0.35483871,-0.1627907,0.17241379,-0.25581395,0.37142857,0.375,-0.01818182,0.25,0.09090909,-0.07407407,0.42857143,0.0,0.1103897
1996-09,0.31034483,0.40540541,-0.0952381,-0.09677419,0.0952381,0.08108108,0.45833333,-0.05555556,0.21052632,0.38888889,0.0,0.23529412,-0.11764706,0.15628773
1996-10,0.35135135,0.0625,-0.07692308,-0.04761905,0.04265403,0.12,0.29166667,0.1025641,0.31707317,-0.28571429,0.04347826,0.44444444,0.04,0.10857596
1996-12,0.125,0.45945946,0.13043478,-0.21212121,0.1372549,0.26666667,0.39393939,0.15789474,0.0,0.28,0.2,0.48387097,0.16666667,0.20259764
1997-01,0.47058824,0.16666667,-0.0212766,-0.25,0.2195122,0.03225806,0.11627907,0.1884058,0.38888889,0.11111111,-0.2962963,0.24137931,0.4,0.13159255
1997-03,0.26315789,0.17073171,-0.27272727,0.02564103,0.08,0.7037037,0.28205128,-0.07936508,0.41935484,0.375,0.08,0.66666667,-0.02702703,0.23054607
1997-05,0.23529412,0.47368421,0.09803922,-0.03225806,0.17391304,0.38461538,0.18181818,0.12820513,-0.44444444,0.21428571,0.14285714,0.46341463,-0.33333333,0.12982382
1997-06,0.02439024,0.21212121,-0.03703704,-0.16129032,0.0,0.44827586,0.0,-0.18072289,0.25,0.35294118,0.0212766,0.14285714,-0.21052632,0.08691738
1997-08,0.15789474,0.26315789,0.11864407,0.06666667,0.43478261,0.33333333,0.13043478,0.15789474,0.21212121,0.375,0.02325581,0.08108108,0.07142857,0.1889834
1997-09,0.28205128,0.41935484,0.22807018,0.08108108,0.34693878,0.22580645,0.39393939,0.125,0.29411765,0.76,0.19047619,0.28205128,0.02857143,0.29437155
1997-10,0.26829268,0.39393939,-0.03846154,0.07692308,0.2,0.2,0.36585366,0.1884058,-0.02857143,-0.29032258,0.12,0.23076923,0.0,0.12486854
1997-12,0.17948718,0.11111111,0.26086957,0.25,-0.14893617,0.42857143,0.07317073,-0.14285714,0.27272727,0.27272727,0.15555556,0.10526316,-0.05882353,0.15847696
1998-01,0.05882353,0.09090909,-0.10204082,0.36842105,-0.09803922,0.15789474,0.17647059,-0.12643678,-0.12195122,0.25,0.0,0.07317073,0.0,0.07113821
1998-03,0.42857143,0.05,0.16981132,0.48387097,-0.21311475,0.21212121,0.04,0.04109589,0.42222222,0.42857143,-0.06122449,-0.2195122,0.0,0.14510976
1998-05,0.5,0.3,0.28301887,0.41935484,0.06382979,0.11111111,-0.21568627,-0.03448276,0.33333333,0.21212121,0.16666667,0.14285714,-0.21052632,0.1755067
1998-06,0.39534884,0.15789474,0.42372881,0.27272727,-0.19047619,0.40540541,0.27272727,0.13924051,0.33333333,0.57142857,0.37037037,0.02857143,0.77777778,0.31823647
1998-08,-0.17073171,0.0,-0.13207547,0.13636364,-0.2,0.13513514,0.0,-0.03333333,0.38888889,0.09090909,0.04545455,0.0,0.0,0.02449534
1998-09,0.0625,0.05882353,-0.01754386,-0.02325581,-0.61403509,-0.25581395,-0.14705882,-0.19148936,-0.13513514,-0.02702703,-0.45,-0.31578947,0.15151515,-0.14273504
1998-11,-0.20930233,-0.36585366,-0.01639344,0.23529412,-0.62068966,-0.05,-0.11111111,-0.27027027,-0.43589744,-0.11111111,-0.09090909,-0.44186047,-0.31428571,-0.21100999
1998-12,-0.21052632,-0.02702703,-0.1,-0.21052632,-0.36666667,-0.19047619,0.19047619,-0.22580645,0.17948718,0.15555556,0.39130435,-0.2,0.11764706,-0.02256268
1999-01,0.0,-0.21052632,0.12727273,0.17647059,0.06122449,-0.13043478,0.10638298,-0.14754098,0.24324324,0.67741935,-0.02040816,-0.27272727,0.10526316,0.07193167
1999-03,0.38888889,0.1875,-0.05660377,0.25714286,-0.13793103,-0.02222222,0.31914894,0.13924051,0.62162162,0.76470588,0.23076923,-0.02702703,0.11111111,0.21975871
1999-05,-0.02222222,0.31428571,0.07407407,-0.03448276,,0.20930233,0.125,0.22666667,0.38888889,0.6,0.55,0.39393939,-0.26666667,0.2120108
1999-06,0.21052632,0.11764706,0.27659574,0.25581395,0.125,0.16,0.0,-0.15217391,-0.31707317,0.6,0.28888889,0.23529412,0.27272727,0.18545168
1999-08,0.36585366,0.03225806,0.16,0.0,0.17647059,-0.1627907,-0.07317073,-0.0617284,-0.05,0.09090909,0.18181818,0.19047619,0.0,0.07598536
1999-09,0.29411765,0.35,0.0,0.27777778,0.27272727,0.10526316,0.22807018,-0.11363636,-0.02564103,0.22033898,-0.20754717,0.08571429,0.09677419,0.14146627
1999-11,-0.05555556,-0.03225806,-0.18518519,0.02222222,-0.14285714,-0.11111111,0.20930233,0.15492958,-0.44444444,0.18918919,0.09090909,0.05263158,-0.08571429,-0.04107262
1999-12,-0.13513514,0.2,-0.04545455,0.03571429,0.0877193,0.08108108,0.14285714,0.08474576,-0.23529412,0.10526316,0.13043478,0.2,-0.22222222,0.02874698
2000-01,0.4,0.28571429,-0.25,0.125,0.17460317,0.0625,0.24,-0.01694915,-0.12820513,0.24324324,0.27272727,0.24324324,-0.07692308,0.13265858
2000-03,0.02439024,0.31707317,0.1372549,-0.02222222,-0.19298246,0.2173913,0.43396226,0.1372549,0.06666667,0.33333333,0.14285714,0.02564103,-0.15151515,0.11098752
2000-05,-0.15789474,0.08333333,-0.08,0.42857143,0.07936508,0.17948718,0.39622642,0.05454545,-0.2972973,0.11627907,0.19148936,0.09090909,-0.26315789,0.06394259
2000-06,0.06666667,0.09090909,0.01818182,-0.19047619,0.13432836,-0.02564103,0.70731707,-0.13333333,-0.18918919,-0.21428571,0.02439024,0.11764706,-0.31707317,0.01856458
2000-08,-0.18181818,-0.0952381,-0.0877193,-0.04166667,0.06666667,-0.05660377,0.07692308,-0.46153846,-0.19047619,-0.39622642,-0.34782609,-0.04347826,-0.13513514,-0.1193832
2000-09,-0.29411765,0.19148936,-0.16,-0.4,-0.03571429,-0.11627907,0.07692308,-0.06024096,0.04347826,0.2,0.15555556,0.02325581,-0.31578947,-0.05259987
2000-11,-0.46341463,-0.4,0.12280702,-0.38888889,-0.19402985,-0.17948718,-0.02222222,-0.22077922,-0.07692308,-0.30434783,0.15555556,0.09090909,-0.4,-0.17167017
2000-12,-0.23809524,-0.06666667,-0.44680851,-0.38888889,-0.37704918,-0.07692308,0.0,-0.38095238,0.05263158,0.23404255,-0.23404255,0.07317073,-0.26086957,-0.1441249
2001-01,-0.36363636,-0.34883721,-0.6,-0.70588235,-0.5,-0.33333333,0.03846154,-0.38317757,-0.11627907,-0.43589744,-0.36170213,-0.59090909,-0.42222222,-0.39501981
2001-03,-0.20930233,-0.45,-0.3877551,-0.26315789,-0.40298507,-0.33333333,-0.22807018,-0.125,-0.0952381,-0.13636364,0.15555556,-0.42857143,-0.51515152,-0.27453109
2001-05,-0.12820513,-0.5,-0.35483871,-0.2195122,-0.51612903,-0.15555556,-0.26923077,-0.17647059,-0.0952381,0.04545455,0.0,-0.72727273,-0.28205128,-0.26688158
2001-06,-0.34883721,-0.72093023,-0.40909091,-0.34615385,-0.30864198,-0.26315789,-0.32142857,-0.375,0.0,-0.36585366,-0.15555556,-0.76744186,-0.29032258,-0.35811786
2001-08,-0.38095238,-0.6,-0.35849057,-0.46341463,-0.46341463,-0.2,-0.23636364,-0.43283582,-0.24528302,-0.54545455,-0.47826087,-0.77272727,0.02702703,-0.39311121
2001-09,-0.36842105,-0.38461538,-0.20754717,-0.28571429,-0.45,-0.33333333,-0.01754386,-0.3015873,-0.40909091,-0.2173913,-0.20754717,-0.66666667,-0.25581395,-0.31697376
2001-10,-0.66666667,-0.27777778,-0.45714286,-0.18918919,-0.59223301,-0.66666667,-0.5,-0.49253731,-0.66666667,-0.36585366,-0.35849057,-0.46666667,-0.46666667,-0.47283503
2001-11,-0.31578947,-0.6,-0.56363636,-0.28571429,-0.46875,-0.47826087,-0.44680851,-0.55263158,-0.30612245,-0.48148148,-0.44680851,-0.77272727,0.31578947,-0.40419248
2002-01,-0.2,-0.17073171,-0.23636364,-0.10204082,-0.54545455,-0.45454545,-0.30612245,-0.41573034,0.06666667,-0.23529412,-0.18367347,-0.37777778,0.0,-0.22877811
2002-03,0.17073171,0.13513514,-0.08,0.05555556,-0.32075472,-0.17647059,-0.12820513,0.07246377,-0.13636364,0.23076923,0.20930233,-0.46666667,0.1,-0.0339139
2002-04,0.0,-0.15384615,-0.1372549,0.25,-0.18518519,0.0,0.52631579,-0.02272727,0.23529412,0.57894737,0.15555556,-0.25,0.05263158,0.08937151
2002-06,-0.36842105,0.18181818,-0.13793103,0.02857143,0.01818182,-0.20833333,0.33333333,0.04109589,0.07317073,0.42105263,0.15,0.15,-0.17073171,0.03922592
2002-07,0.05,-0.11627907,-0.22222222,0.02702703,-0.15942029,-0.12820513,0.25,-0.25233645,-0.04347826,0.24444444,0.07317073,0.13513514,-0.05555556,0.0045514
2002-09,0.26829268,-0.52380952,-0.01886792,-0.02439024,-0.26530612,-0.23809524,0.29411765,0.01149425,0.07692308,0.0,-0.24,-0.38888889,0.0,-0.08833538
2002-10,-0.47368421,0.12195122,-0.51851852,-0.71428571,-0.44444444,-0.2244898,0.0,-0.42857143,-0.08333333,-0.18181818,-0.10638298,-0.3,0.04347826,-0.24012731
2002-11,-0.54545455,-0.17857143,-0.6,-0.19047619,-0.42307692,0.09803922,-0.05263158,-0.41052632,-0.07317073,0.2195122,-0.23636364,-0.47619048,-0.57894737,-0.25311096
2003-01,-0.40425532,-0.4,-0.27272727,-0.2,-0.5,-0.41666667,-0.02325581,-0.28571429,-0.20930233,0.07692308,0.0,-0.40909091,0.05555556,-0.22523497
2003-03,-0.11111111,-0.5,-0.22807018,-0.39534884,-0.19047619,-0.02222222,0.05882353,-0.25581395,-0.52,-0.23404255,0.01886792,-0.22727273,-0.41463415,-0.23045721
2003-04,-0.45945946,-0.35,-0.35483871,0.04545455,-0.3030303,-0.08,-0.02439024,-0.2244898,-0.16666667,-0.45945946,-0.18367347,-0.43589744,-0.15151515,-0.24362303
2003-06,-0.33333333,-0.14893617,-0.37313433,-0.31707317,-0.2173913,0.27659574,0.18181818,-0.25,0.38095238,-0.26086957,-0.2173913,-0.38461538,-0.14285714,-0.12968628
2003-07,-0.04761905,-0.07317073,-0.16666667,-0.06976744,-0.36470588,0.33333333,0.5,-0.05747126,0.28571429,0.30232558,-0.05882353,-0.08108108,-0.03030303,0.04410298
2003-09,-0.02325581,0.07692308,-0.1147541,-0.13207547,-0.02439024,0.26530612,0.08695652,0.18987342,0.31818182,0.26086957,0.04761905,0.36842105,0.33333333,0.12192791
2003-10,0.1,-0.05882353,0.0,-0.02564103,-0.18421053,0.21568627,0.2195122,0.125,0.45454545,0.5,-0.39622642,0.4893617,0.47368421,0.1489907
2003-11,0.26086957,0.42222222,0.16981132,0.17073171,-0.05882353,0.44680851,0.6,0.26086957,0.15,0.47826087,0.39534884,0.45,0.25,0.31126913
2004-01,0.48837209,0.27272727,-0.08333333,-0.0952381,-0.08333333,0.20833333,0.31707317,0.1372549,0.26315789,0.6744186,0.33333333,0.52631579,0.0625,0.24036056
2004-03,0.36842105,0.04545455,0.37704918,0.2195122,0.12676056,0.2,0.45454545,0.44444444,0.44444444,0.34782609,0.31707317,0.47619048,0.06976744,0.28725372
2004-04,0.36842105,0.35,0.44680851,0.33333333,0.09090909,0.44,0.38095238,0.35135135,0.24324324,0.6,0.375,0.57894737,0.2972973,0.37540936
2004-06,0.58139535,0.28205128,0.24528302,0.16666667,0.01408451,0.41176471,0.39130435,0.3164557,0.47826087,0.22222222,0.41666667,0.52631579,0.54285714,0.35657271
2004-07,0.36585366,0.27272727,0.16,-0.0952381,-0.06451613,0.52,0.28205128,-0.12280702,0.23809524,0.39534884,-0.12195122,0.2173913,0.39393939,0.2136418
2004-09,0.26086957,-0.07692308,-0.12903226,-0.06976744,-0.09333333,0.25,0.22727273,-0.03333333,0.17073171,0.38095238,-0.14893617,0.72972973,0.33333333,0.1529081
2004-10,-0.28571429,0.22222222,0.03030303,-0.34782609,0.10810811,0.20833333,0.37254902,-0.01538462,-0.23809524,0.5,0.33333333,0.39393939,0.39130435,0.14070476
2004-12,-0.05,0.02702703,0.125,0.02222222,0.06493506,0.33333333,0.47619048,0.00990099,0.20833333,0.58139535,-0.08333333,0.38888889,0.4375,0.2109577
2005-01,0.53846154,0.26829268,0.10204082,0.2195122,0.08108108,0.30612245,0.42105263,0.4025974,0.43589744,0.51351351,0.44680851,0.66666667,0.41176471,0.36760119
2005-03,0.54166667,0.18181818,0.04166667,0.33333333,0.05128205,0.32075472,0.31428571,0.19480519,0.31428571,0.52941176,0.36170213,0.41463415,0.24137931,0.3038517
2005-04,0.77777778,0.21052632,0.02040816,-0.04545455,0.06451613,0.45833333,0.48837209,0.2195122,0.15789474,0.43589744,0.13636364,0.6875,0.26666667,0.30490015
2005-06,0.42857143,-0.20930233,0.0,0.16666667,0.29577465,0.2962963,0.36170213,0.21212121,0.26829268,0.07692308,0.42857143,0.56756757,0.11764706,0.23322589
2005-07,0.5,-0.0625,0.41176471,0.40540541,0.46031746,0.51020408,0.56097561,0.40659341,0.15789474,0.42857143,0.53191489,0.48387097,0.6,0.41570161
2005-09,0.375,-0.18181818,0.2,0.15555556,0.13157895,0.28301887,0.76470588,0.47692308,0.08571429,-0.02222222,0.42307692,0.61290323,0.2,0.25229277
2005-10,-0.38095238,-0.15151515,-0.16129032,0.08333333,-0.15463918,0.06122449,-0.125,0.08045977,0.14285714,-0.2,0.3877551,0.29411765,0.35714286,0.0127528
2005-11,0.19148936,-0.04166667,0.04,0.45454545,0.13953488,0.56,0.2173913,-0.01149425,0.2195122,-0.19047619,0.20833333,0.6,-0.03225806,0.19720047
2006-01,0.0,0.2972973,0.21568627,0.08108108,0.21621622,0.16666667,0.46666667,0.33333333,0.0,0.12195122,0.18518519,0.48717949,0.25,0.20732751
2006-03,0.15384615,0.05,0.09677419,0.1,0.05494505,0.07692308,0.25581395,0.0617284,0.25,-0.12,0.14814815,0.61111111,0.05555556,0.14442644
2006-04,0.06122449,0.08108108,0.04918033,0.17948718,0.16883117,-0.02222222,0.58139535,0.12820513,-0.1,0.42857143,0.04166667,0.6,0.24137931,0.19254956
2006-06,-0.0877193,0.16666667,-0.08196721,0.06976744,0.01408451,0.14893617,0.31818182,-0.15315315,0.07692308,-0.23404255,-0.08,0.31578947,-0.09677419,0.04415382
2006-07,-0.1372549,-0.1,-0.18644068,-0.31707317,0.22666667,0.0,0.14893617,-0.16049383,-0.05,-0.02439024,-0.14285714,0.12195122,0.39130435,-0.00576314
2006-09,-0.04,-0.13513514,0.10714286,-0.20930233,-0.25333333,0.04,0.22727273,-0.09859155,-0.33333333,-0.17073171,-0.22222222,0.48571429,-0.03225806,-0.04468219
2006-10,0.12,-0.10526316,-0.09090909,-0.07317073,-0.06666667,0.24528302,0.18367347,0.08433735,0.18918919,-0.07692308,0.0,0.15789474,-0.09090909,0.03268322
2006-11,-0.28,-0.01754386,-0.01886792,-0.28571429,0.11111111,0.19230769,0.18181818,0.0617284,0.48717949,-0.10638298,0.16666667,0.19047619,0.0,0.05175419
2007-01,0.1372549,-0.05,0.03846154,-0.10204082,-0.2195122,-0.19354839,-0.02325581,0.17073171,0.12820513,0.15,0.44444444,0.36842105,-0.16666667,0.04264693
2007-03,-0.08333333,-0.24,0.01639344,-0.10638298,-0.10810811,0.27586207,-0.02325581,0.00917431,0.05263158,0.05555556,-0.0212766,0.33333333,0.0625,0.0178266
2007-04,-0.1627907,-0.2,-0.04761905,0.53846154,0.07317073,0.18518519,0.05,0.0,0.12820513,0.23076923,-0.41176471,0.18918919,0.18518519,0.06316598
2007-06,-0.14285714,0.11111111,-0.17647059,-0.06382979,0.02325581,0.17857143,0.33333333,0.06976744,0.29411765,0.30232558,0.04166667,0.16666667,0.22580645,0.1078081
2007-07,-0.30434783,-0.15,-0.17647059,0.23076923,-0.1025641,0.2173913,0.40909091,0.03448276,0.28205128,0.44444444,-0.03846154,0.24324324,0.05263158,0.09231483
2007-09,-0.55555556,-0.14285714,-0.24137931,-0.31818182,-0.125,0.30612245,0.28,-0.01123596,0.02325581,-0.14893617,-0.17647059,0.07692308,-0.23529412,-0.10478111
2007-10,-0.36363636,-0.24,-0.18032787,-0.26086957,-0.01408451,-0.06896552,0.06382979,-0.28358209,0.25,-0.15555556,-0.08,-0.11764706,-0.04347826,-0.10089458
2007-11,-0.4,-0.48148148,-0.31034483,-0.52380952,-0.38461538,0.20754717,0.25,-0.08823529,-0.33333333,-0.09090909,-0.14754098,-0.22222222,-0.29032258,-0.22725269
2008-01,-0.20754717,-0.46938776,-0.13207547,-0.29166667,-0.01333333,0.06122449,0.19148936,-0.0952381,-0.33333333,-0.15384615,-0.44444444,-0.26315789,-0.07692308,-0.17775012
2008-03,-0.55555556,-0.52,-0.2962963,-0.14814815,-0.37313433,-0.26530612,-0.18181818,-0.35,-0.5,-0.84615385,-0.26315789,-0.21212121,-0.42105263,-0.38189535
2008-04,-0.48,-0.39130435,-0.4516129,0.0,-0.32307692,-0.24528302,0.0,-0.44444444,-0.46341463,-0.67272727,-0.18367347,-0.40540541,-0.33333333,-0.32915261
2008-06,-0.47619048,-0.44,-0.39622642,-0.02222222,-0.28358209,0.05454545,-0.23076923,-0.44444444,-0.57894737,-0.33333333,-0.26666667,-0.38888889,-0.51515152,-0.3231194
2008-07,-0.7,-0.65384615,-0.5483871,-0.06666667,-0.25,-0.37777778,-0.22727273,-0.45794393,-0.6,-0.66666667,-0.43859649,-0.38461538,-0.5,-0.45115241
2008-09,-0.7,-0.45454545,-0.31147541,-0.42222222,,0.0212766,0.0,-0.4,-0.13043478,-0.76190476,-0.33333333,-0.38095238,-0.75757576,-0.38465159
2008-10,-0.62790698,-0.77358491,-0.63636364,-0.52727273,-0.51898734,-0.29032258,-0.30909091,-0.5308642,-0.69230769,-0.65384615,-0.65079365,-0.57142857,-0.68,-0.57765876
2008-12,-0.68627451,-0.7,-0.61764706,-0.39285714,-0.71794872,-0.71929825,-0.6,-0.72340426,-0.86363636,-0.68,-0.61403509,-0.73333333,-0.57894737,-0.65866482
2009-01,-0.81818182,-0.57894737,-0.55555556,-0.68627451,-0.76190476,-0.79661017,-0.68888889,-0.671875,-0.57446809,-0.74545455,-0.45098039,-0.65853659,-0.7037037,-0.6682922
2009-03,-0.71428571,-0.55102041,-0.56363636,-0.58333333,-0.57647059,-0.36170213,-0.67272727,-0.65853659,-0.71428571,-0.65625,-0.62068966,-0.86363636,-0.75757576,-0.63630111
2009-04,-0.65,-0.23404255,-0.47540984,-0.35483871,-0.5,-0.54716981,-0.54166667,-0.57142857,-0.47826087,-0.67272727,-0.40983607,-0.5,-0.75,-0.50949598
2009-06,-0.58974359,-0.41818182,-0.55172414,-0.55555556,-0.3253012,-0.22807018,-0.56521739,-0.56435644,-0.43478261,-0.4,-0.10714286,-0.48837209,-0.73684211,-0.45007779
2009-07,-0.53488372,-0.49090909,-0.34482759,-0.57692308,-0.44578313,-0.2962963,-0.56,-0.45054945,-0.33333333,-0.33333333,-0.29411765,-0.42857143,-0.78571429,-0.45205774
2009-09,-0.40425532,-0.18518519,-0.30434783,-0.41538462,-0.26760563,-0.41176471,-0.17073171,-0.1,-0.31914894,-0.10344828,0.06896552,-0.41463415,-0.64705882,-0.2978833
2009-10,-0.57692308,-0.32258065,-0.07692308,-0.08196721,-0.32432432,-0.20689655,-0.27272727,-0.26956522,-0.33333333,-0.30434783,0.14754098,-0.2,-0.88235294,-0.28623627
2009-12,-0.18181818,-0.10769231,-0.07692308,-0.46666667,-0.03225806,-0.01818182,0.23076923,-0.10144928,-0.23809524,-0.33333333,-0.2,-0.26829268,-0.53488372,-0.18561466
2010-01,-0.2,0.30434783,0.11111111,-0.14285714,0.2238806,-0.39622642,0.0,-0.04950495,-0.09090909,-0.04347826,-0.01960784,-0.15,-0.26666667,-0.05586716
2010-03,-0.33333333,0.13207547,-0.2173913,0.12727273,0.08333333,-0.03571429,-0.06666667,-0.09433962,-0.16,-0.09803922,-0.42857143,-0.15789474,-0.48571429,-0.13672031
2010-04,-0.08333333,0.08333333,0.27272727,0.03703704,0.25714286,0.14285714,0.30232558,0.14634146,0.15384615,0.30232558,0.23809524,0.20930233,-0.42857143,0.12392398
2010-06,-0.05882353,0.2962963,0.25,0.24528302,0.30434783,0.25423729,0.30434783,0.22033898,0.33333333,0.2962963,0.23529412,0.23809524,0.15789474,0.2380502
2010-07,-0.35,0.05263158,-0.16363636,-0.25925926,-0.08108108,0.05263158,0.20833333,-0.08045977,0.12,-0.36170213,0.03703704,-0.05,-0.03703704,-0.0693402
2010-09,-0.48837209,-0.0625,-0.08333333,0.09433962,0.11688312,0.01886792,0.125,-0.19402985,-0.0212766,-0.2195122,-0.37704918,0.02325581,-0.05882353,-0.07771004
2010-10,-0.33333333,-0.02040816,0.08695652,-0.20833333,0.18918919,0.21568627,0.16,0.2,0.02439024,0.12195122,-0.07407407,0.0,-0.03703704,0.01041563
2010-12,-0.125,0.03703704,0.23076923,0.1372549,0.18987342,0.60869565,0.4,0.25,0.25581395,-0.33333333,0.26984127,0.05,-0.16129032,0.12997182
2011-01,-0.20754717,0.10204082,0.32,0.28,0.42857143,0.30769231,0.28571429,0.03296703,0.08695652,0.33333333,0.3442623,0.28205128,-0.17241379,0.19922178
2011-03,0.08,0.11111111,0.26530612,0.06896552,0.31428571,-0.06896552,0.34782609,0.2038835,0.19047619,0.11627907,0.33333333,0.39534884,-0.11111111,0.17023795
2011-04,0.1372549,-0.24,0.06122449,0.23076923,0.40298507,0.2244898,0.23404255,0.19626168,0.14285714,0.36170213,0.32307692,0.25,-0.33333333,0.14958908
2011-06,-0.0877193,0.08,-0.12280702,0.07407407,0.42028986,0.30769231,0.22727273,0.13761468,-0.16666667,0.15384615,-0.05263158,0.07317073,-0.125,0.06512677
2011-07,-0.1372549,-0.21568627,0.12,-0.03225806,0.21126761,0.24590164,0.20930233,0.03703704,-0.17647059,-0.09803922,0.12903226,0.06976744,-0.11111111,0.01787093
2011-09,-0.43478261,-0.28571429,-0.42307692,-0.17647059,0.14285714,0.05660377,0.13043478,-0.09259259,-0.26923077,-0.26923077,-0.29411765,-0.11627907,-0.02857143,-0.16396487
2011-10,-0.16363636,-0.24137931,0.02040816,-0.10714286,-0.08108108,0.11111111,0.4,-0.10843373,0.09803922,-0.27272727,-0.34285714,0.0,-0.52380952,-0.09192292
2011-11,-0.10204082,-0.14754098,-0.20833333,0.03333333,0.10769231,0.375,0.28888889,0.22105263,0.15151515,-0.1147541,-0.03333333,0.23076923,-0.4375,0.0119747
2012-01,0.27868852,-0.05084746,0.11627907,-0.08474576,0.19444444,0.09090909,0.05263158,0.27272727,0.51111111,0.04166667,0.0,0.10526316,-0.5,0.06295004
2012-02,0.2962963,0.11864407,0.08,0.09677419,0.64864865,0.29824561,0.38888889,0.19565217,0.37777778,0.51612903,0.19402985,0.22727273,-0.03225806,0.26753742
2012-04,0.17857143,0.34545455,0.13207547,0.29032258,0.38028169,0.43859649,0.42857143,0.33980583,0.45454545,0.31034483,0.37313433,0.47368421,0.46153846,0.35559341
2012-06,0.10714286,0.15384615,0.18181818,0.18644068,0.52631579,0.35483871,0.23809524,0.51724138,0.30612245,0.26315789,0.17241379,0.52173913,0.52941176,0.29511189
2012-07,0.34545455,0.22727273,-0.19230769,-0.03703704,0.36986301,0.14285714,0.27272727,0.12962963,0.2195122,0.0,0.04918033,0.44186047,0.63636364,0.20631222
2012-08,0.08823529,-0.13793103,-0.15555556,-0.03448276,0.2987013,0.32142857,0.32,-0.04166667,0.34782609,0.25,0.16923077,0.24324324,0.39393939,0.17538628
2012-10,0.17857143,0.04347826,-0.34615385,0.04615385,0.25333333,0.10714286,0.36170213,0.22222222,0.1627907,0.16981132,0.24590164,0.45454545,0.73913043,0.2013673
2012-11,0.22222222,-0.39622642,-0.21428571,0.09090909,-0.02702703,0.16666667,0.24528302,-0.10638298,-0.54545455,-0.36507937,0.05882353,0.33333333,0.625,0.0161804
2013-01,0.42857143,0.07407407,-0.08196721,0.06060606,0.06329114,0.11111111,0.36,0.11340206,-0.27272727,0.24528302,-0.09090909,0.40909091,0.45454545,0.14674747
2013-03,0.50943396,0.0,-0.07142857,0.07692308,0.11764706,0.17647059,0.31914894,0.07964602,0.48837209,0.33333333,0.19354839,0.32,0.41176471,0.23960113
2013-04,0.43333333,0.1,0.05263158,0.12676056,0.47222222,0.26315789,0.23809524,0.3495935,0.2972973,0.03846154,0.01639344,0.51111111,0.66666667,0.26801091
2013-06,0.45454545,0.13207547,-0.06666667,0.12820513,0.38888889,0.28571429,0.24444444,0.17073171,0.36585366,0.26315789,-0.04761905,-0.03846154,0.39393939,0.20867311
2013-07,0.24,0.27659574,0.28,0.09375,0.44,0.29166667,0.26086957,0.32653061,0.36842105,0.28125,0.40625,0.18367347,0.5,0.30187304
2013-09,0.14285714,0.07692308,0.25490196,0.02325581,0.46666667,0.27272727,0.1627907,0.18965517,0.11111111,0.31034483,0.1,0.30909091,0.57142857,0.23350817
2013-10,0.38461538,0.04347826,-0.22807018,0.16216216,0.4084507,0.18181818,0.13207547,0.25274725,0.23404255,0.12121212,0.13888889,0.05660377,0.53846154,0.18114491
2013-12,0.35714286,0.05454545,0.0,0.27272727,0.3,0.26315789,0.23404255,0.21100917,0.06976744,0.08474576,0.15068493,0.24,0.66666667,0.22445674
2014-01,0.3877551,0.25490196,0.37254902,0.23684211,0.45,0.0,0.31707317,0.35483871,-0.07317073,0.22033898,0.28,0.41818182,0.56521739,0.2858074
2014-03,0.0,-0.12903226,-0.34482759,0.06849315,0.31764706,0.29824561,0.24444444,-0.05660377,-0.23809524,-0.31034483,0.09090909,0.29166667,0.27777778,0.04724032
2014-04,0.22807018,0.14814815,0.23404255,-0.14285714,0.48571429,0.6,-0.02564103,0.2875,0.25,0.5,0.02941176,0.22222222,-0.48148148,0.17063579
2014-06,0.69811321,0.12903226,0.14285714,0.46268657,0.42105263,0.47368421,0.0212766,0.30612245,0.33333333,0.28125,0.30864198,0.20754717,0.41176471,0.32426998
2014-07,0.55172414,0.13207547,0.25925926,0.46428571,0.62162162,0.45454545,0.28571429,0.31147541,0.40909091,0.41935484,0.29113924,0.32,0.33333333,0.37851202
2014-09,0.32142857,0.14285714,0.28,0.28358209,0.65714286,0.44827586,0.40425532,0.40206186,0.38461538,0.29411765,0.32307692,0.4,0.41176471,0.36259304
2014-10,0.40350877,0.17857143,0.42857143,0.27777778,0.48571429,0.45762712,0.06666667,0.34545455,0.35,0.51515152,0.24590164,0.48,0.40740741,0.35807484
2014-12,0.28,0.30909091,0.22222222,0.29411765,0.30434783,0.22807018,0.36,0.47126437,0.07317073,0.52542373,0.51428571,0.40425532,0.13333333,0.30402647
2015-01,0.49019608,0.32258065,0.18181818,0.28358209,-0.01408451,0.10714286,0.0,0.21568627,0.31818182,0.22033898,0.30555556,0.16363636,0.25,0.21907901
2015-03,0.46153846,-0.03030303,0.11111111,0.22857143,-0.01333333,0.10714286,-0.18518519,0.13761468,0.62790698,0.40983607,0.04347826,0.18518519,0.6,0.2121624
2015-04,0.22580645,0.27586207,0.37037037,-0.12328767,,,0.1627907,0.13385827,-0.42105263,0.15625,0.13888889,0.09433962,0.0,0.08799678
2015-06,0.39285714,-0.01754386,0.22807018,0.05555556,-0.02631579,0.35849057,0.0,0.13235294,0.02325581,0.375,0.43661972,0.30434783,0.39393939,0.21035638
2015-07,0.35714286,0.03703704,-0.2173913,0.13043478,0.17948718,0.38983051,0.3,0.22522523,0.25581395,0.56521739,0.2972973,0.25490196,0.40540541,0.24626476
2015-09,0.50819672,0.29032258,-0.06122449,0.09090909,0.0,0.09090909,0.10638298,0.15966387,0.07317073,0.1627907,0.45454545,0.27272727,0.22727273,0.1846669
2015-10,0.29166667,0.17857143,-0.03571429,0.28813559,0.04225352,-0.33333333,-0.07407407,0.0,0.13043478,0.09433962,0.02857143,0.1372549,0.02564103,0.06447894
2015-12,0.22222222,0.0,-0.2244898,0.15384615,-0.04761905,0.16981132,-0.03571429,0.11515152,-0.12820513,0.25925926,0.19480519,0.26923077,0.0625,0.07463722
2016-01,0.11111111,0.375,-0.19148936,0.01234568,-0.12121212,-0.12727273,0.09090909,0.09090909,-0.1,0.25925926,0.25333333,0.14893617,0.3,0.08424337
2016-03,0.15384615,0.08196721,-0.12727273,0.08860759,-0.34375,-0.25423729,0.04166667,-0.104,-0.24324324,-0.2962963,-0.03896104,0.0,0.40540541,-0.04435563
2016-04,0.19298246,0.21311475,0.31818182,0.12820513,,0.11111111,,0.26315789,0.05263158,0.34615385,0.4025974,0.39130435,0.43478261,0.25910651
2016-06,0.19298246,0.25806452,0.07692308,0.1025641,0.05714286,-0.06382979,-0.13043478,0.13684211,-0.15,0.11111111,0.48648649,0.2,0.42105263,0.13017189
2016-07,-0.16666667,0.01818182,0.11627907,0.06493506,0.07042254,0.56862745,0.28301887,0.04615385,-0.02325581,-0.11538462,0.17333333,0.17333333,0.55,0.14273536
2016-09,0.09090909,-0.26923077,0.10204082,0.13580247,0.01886792,0.06896552,-0.32075472,0.06666667,-0.26086957,0.05660377,0.18918919,0.04,0.06976744,-0.00655907
2016-10,-0.05882353,-0.04545455,-0.03703704,0.01492537,0.14754098,0.45098039,0.0,0.01204819,-0.08333333,0.4893617,0.2,0.03703704,0.31707317,0.11935585
2016-11,0.0,0.05263158,0.14285714,-0.13846154,0.18644068,0.35849057,-0.09433962,0.08333333,0.02564103,0.39130435,-0.03030303,0.0212766,0.19047619,0.09216783
2017-01,0.23404255,0.19230769,0.41463415,-0.09677419,0.3220339,0.3559322,-0.08695652,0.40625,0.13636364,0.46666667,0.46428571,0.25581395,0.26086957,0.24326828
2017-03,0.32,0.04,0.45454545,0.20754717,0.4137931,0.37931034,0.0212766,0.45454545,0.2962963,0.18181818,0.5483871,-0.08333333,0.45454545,0.26951553
2017-04,0.4,-0.11627907,0.14893617,0.27272727,0.36507937,0.50877193,0.14893617,0.38461538,0.28571429,0.0952381,0.44827586,0.28301887,-0.08,0.23003491
2017-05,0.29166667,-0.06666667,0.28571429,0.29032258,0.41935484,0.49152542,0.05882353,0.40350877,0.04166667,0.06122449,0.68965517,0.25925926,0.07142857,0.24116457
2017-07,0.27586207,0.24444444,0.46341463,0.30769231,0.32352941,0.36842105,0.10204082,0.30434783,0.0877193,-0.2173913,0.40350877,0.13207547,0.02040816,0.20931043
2017-09,0.04,-0.14285714,0.17391304,0.3,0.46031746,0.39285714,0.12,0.16666667,0.16666667,0.31707317,0.33333333,0.23076923,0.0,0.19933941
2017-10,0.04,0.1627907,0.02439024,0.03333333,0.04918033,0.50943396,0.3877551,0.32307692,0.39622642,0.38888889,0.4516129,0.34482759,0.20754717,0.24966555
2017-11,0.02040816,-0.12195122,0.06976744,0.04918033,0.26666667,0.45454545,0.17857143,0.25714286,0.20754717,0.09090909,0.44827586,0.01886792,0.03571429,0.14320855
2018-01,0.39130435,0.31914894,0.41463415,0.27868852,0.57894737,0.28571429,0.15789474,0.52238806,0.09433962,0.17948718,0.36666667,0.25925926,0.16,0.29050709
2018-03,0.26086957,0.08,0.48837209,0.29032258,0.24137931,0.61290323,0.33333333,0.53125,-0.23076923,-0.08333333,0.09677419,0.32142857,0.18644068,0.21647675
2018-04,0.31818182,0.4,0.52,0.11111111,0.07142857,0.41818182,0.28813559,0.44615385,-0.04,0.14285714,0.3,0.12280702,0.31578947,0.24737438
2018-05,0.29411765,0.2244898,0.48,0.46428571,0.14754098,0.71428571,0.19230769,0.37142857,0.20754717,0.29411765,0.33333333,0.40425532,0.10344828,0.32164411
2018-07,0.53846154,0.04347826,0.28888889,0.29824561,0.27272727,0.39285714,0.08333333,0.28358209,0.25423729,0.27272727,0.35483871,0.25490196,0.14814815,0.26690379
2018-09,0.41818182,0.29166667,0.29411765,0.3877551,-0.05084746,0.35714286,0.42372881,0.16666667,0.0,0.2244898,0.33333333,0.23404255,0.2,0.25946759
2018-10,0.54716981,0.16,0.07692308,0.2,-0.01960784,0.18518519,0.09803922,0.33333333,-0.03703704,-0.05660377,0.34375,0.23076923,0.01694915,0.14546142
2018-12,0.35849057,-0.16981132,0.24,0.36,0.03571429,0.37037037,0.26086957,0.2238806,-0.13207547,-0.08333333,0.0,0.11538462,0.14285714,0.1248722
2019-01,0.11864407,-0.14893617,0.09090909,0.06382979,-0.39285714,0.16666667,0.0,0.08571429,-0.30612245,-0.23809524,0.21212121,0.06122449,0.33333333,-0.00327353
2019-03,0.24444444,-0.42857143,-0.07317073,0.23076923,0.04,0.46031746,-0.11111111,0.15942029,-0.2,-0.34782609,0.0,0.13207547,-0.30612245,-0.02993293
2019-04,0.55102041,0.0,0.02564103,0.20754717,0.05263158,0.47368421,0.0,0.24637681,-0.09433962,-0.07407407,0.32352941,0.05660377,-0.05263158,0.12246769
2019-06,0.07692308,0.22727273,0.06666667,0.13793103,0.01694915,0.5862069,-0.13207547,0.37313433,0.14285714,0.06382979,0.13333333,0.2244898,-0.13207547,0.11769239
2019-07,0.33333333,-0.44444444,-0.12195122,-0.06451613,0.06896552,0.12727273,-0.05263158,0.0,-0.28,-0.14814815,0.26666667,-0.03703704,-0.06976744,-0.03518815
2019-09,-0.24528302,0.01818182,-0.02439024,-0.05882353,-0.10344828,0.06896552,0.05660377,0.05555556,0.27272727,0.05660377,0.01408451,-0.09090909,-0.2,-0.01964062
2019-10,0.34782609,0.0,-0.09803922,-0.07692308,0.04761905,0.13793103,0.10638298,0.09090909,-0.3220339,0.18518519,0.2,0.14285714,-0.0877193,0.0485905
2019-11,0.2,0.4,-0.01960784,0.33333333,-0.0877193,0.13793103,0.03703704,0.23076923,-0.39622642,0.03703704,0.04477612,0.32142857,-0.25490196,0.0627573
2020-01,0.10638298,0.09090909,0.28888889,0.32,0.34615385,0.06896552,0.23404255,0.35135135,-0.04,-0.01754386,0.2,0.03225806,0.05882353,0.14074005
2020-03,0.08333333,0.09090909,-0.02325581,0.0877193,-0.15789474,0.22033898,0.30434783,0.14705882,-0.06896552,0.09803922,0.35483871,0.01818182,0.07142857,0.0899184
2020-04,-0.57894737,-0.2,-0.64912281,-0.68,-0.74074074,-0.71875,-0.66666667,-0.75757576,-0.91489362,-0.80952381,-0.42028986,-0.74074074,-0.45098039,-0.630888
2020-05,-0.61290323,-0.53488372,-0.58730159,-0.55555556,-0.73770492,-0.72413793,-0.54385965,-0.71014493,-0.52941176,-0.73333333,-0.71428571,-0.51612903,-0.52727273,-0.6097316
2020-07,-0.35714286,-0.20754717,0.08474576,-0.19148936,-0.23333333,-0.125,-0.39285714,-0.01449275,-0.12,-0.15555556,-0.14285714,-0.11864407,-0.10204082,-0.17181014
2020-09,-0.43859649,-0.29166667,0.24590164,-0.08474576,-0.20689655,-0.03333333,-0.2,0.02777778,-0.32,-0.20754717,-0.01538462,-0.06896552,-0.22807018,-0.15410872
2020-10,-0.01754386,0.06666667,0.1875,-0.07692308,0.05084746,-0.07407407,-0.14285714,0.35294118,-0.05084746,0.04,-0.07246377,0.08196721,0.0877193,0.00666594
2020-12,-0.0877193,-0.06666667,0.41818182,0.03333333,-0.16666667,0.26666667,-0.32,-0.01492537,-0.36,-0.21428571,0.07692308,0.07407407,-0.03571429,-0.03182281
2021-01,-0.09090909,0.17391304,0.17241379,-0.09433962,0.04761905,0.14285714,-0.05660377,0.04477612,-0.35714286,-0.13043478,-0.16129032,0.06666667,-0.31707317,-0.05036033
2021-03,0.34375,0.19047619,0.2,0.22222222,-0.05263158,0.50877193,0.07692308,0.24324324,-0.11111111,0.1372549,0.0,0.01754386,-0.40740741,0.09381601
2021-04,0.06896552,0.10204082,0.26923077,0.31818182,0.2,0.65079365,0.15384615,0.54285714,0.35714286,0.09090909,0.24637681,0.15625,0.04347826,0.22143465
2021-06,0.04615385,0.42307692,0.22033898,0.16363636,0.28125,0.57446809,0.30909091,0.45945946,0.34615385,0.24528302,0.21311475,0.27586207,0.11864407,0.26808941
2021-07,0.14285714,0.14285714,0.27586207,0.27659574,0.07246377,0.61904762,0.12,0.34285714,0.6,0.0,0.39393939,0.01587302,0.30769231,0.24726568
2021-09,0.15942029,-0.01886792,0.09090909,-0.21568627,0.21875,0.01639344,0.2,0.19444444,0.22222222,0.0,0.03125,-0.12727273,-0.16129032,0.03465232
2021-10,-0.01538462,0.06122449,0.09433962,0.19148936,0.18644068,0.12280702,0.0,0.31343284,0.17647059,-0.26923077,-0.04477612,-0.05084746,0.03846154,0.04091619
2021-12,0.30769231,-0.16666667,0.17241379,0.29411765,0.11764706,0.4,0.05882353,0.38666667,0.34615385,0.39130435,0.18181818,-0.04477612,0.18367347,0.18685012
2022-01,0.29824561,0.2,0.08,0.09803922,0.25373134,0.15789474,0.2,0.47945205,0.08,-0.10204082,0.37313433,-0.04166667,0.01960784,0.13474547
2022-03,0.23636364,-0.07407407,0.06666667,-0.2,-0.06666667,0.18367347,0.28301887,0.15068493,-0.01960784,-0.19047619,0.07936508,-0.0877193,-0.07142857,0.01159292
2022-04,-0.01818182,0.01694915,0.05660377,-0.03703704,0.17241379,-0.01694915,-0.12280702,0.29411765,0.09433962,-0.05882353,0.25,-0.01818182,0.07692308,0.03293742
2022-06,-0.10714286,-0.28,-0.12280702,-0.2962963,-0.15625,0.0,0.17857143,0.04225352,-0.13793103,-0.20689655,0.0877193,0.1372549,-0.31914894,-0.10191059
2022-07,-0.16666667,-0.0877193,-0.18518519,-0.68421053,-0.36231884,-0.42857143,0.12280702,-0.2173913,-0.18367347,-0.22222222,-0.06666667,-0.27586207,-0.41666667,-0.246413
2022-09,0.01818182,-0.14814815,-0.18644068,-0.33333333,-0.16923077,-0.24528302,-0.12727273,0.04,-0.15789474,-0.08474576,-0.25,-0.1,-0.36170213,-0.17882246
2022-10,-0.01754386,-0.11111111,-0.22807018,-0.50877193,-0.13432836,-0.12727273,-0.03448276,-0.08641975,-0.14814815,-0.09677419,-0.31147541,-0.23943662,-0.51724138,-0.20622139
2022-11,-0.3442623,-0.37254902,-0.21568627,-0.69811321,-0.36507937,-0.43396226,-0.0877193,-0.275,-0.16363636,-0.38181818,-0.34482759,-0.23333333,-0.41176471,-0.33772932
2023-01,-0.33333333,0.0877193,-0.2,-0.46153846,-0.1875,-0.52727273,-0.29824561,-0.26315789,-0.0877193,-0.23404255,-0.27868852,-0.03125,-0.31914894,-0.23925168
2023-03,-0.06896552,-0.13636364,-0.05454545,-0.57692308,-0.24242424,-0.52941176,-0.17391304,0.15384615,-0.03333333,-0.25490196,-0.29824561,-0.05263158,-0.2962963,-0.22649629
2023-04,0.08196721,-0.25,-0.32075472,-0.4,-0.19402985,-0.44,-0.11111111,-0.05128205,-0.16363636,-0.5,-0.49206349,-0.3,-0.14893617,-0.26988037
2023-05,-0.11111111,-0.33333333,-0.4,-0.625,-0.11111111,-0.34615385,-0.16363636,-0.04,-0.14814815,-0.15384615,-0.125,-0.3559322,-0.27659574,-0.262489
2023-07,0.03125,0.09090909,-0.34545455,-0.11111111,-0.36507937,-0.39622642,-0.08,-0.12195122,0.03846154,-0.35714286,-0.36666667,-0.125,-0.40350877,-0.19913076
2023-09,-0.01587302,0.09803922,-0.29824561,-0.26530612,-0.40983607,-0.07407407,-0.24,0.10810811,-0.09090909,-0.22033898,0.07936508,-0.06666667,-0.30769231,-0.15096147
2023-10,-0.52542373,-0.28,-0.50819672,-0.27659574,-0.44927536,-0.48,-0.05263158,-0.21126761,-0.27272727,-0.19230769,-0.47368421,-0.08196721,-0.66666667,-0.35495635
2023-11,-0.20689655,-0.35714286,-0.42857143,-0.53191489,-0.37704918,-0.30612245,-0.24444444,-0.4,-0.40740741,-0.55555556,-0.28,-0.24137931,-0.45833333,-0.36623478
2024-01,-0.33333333,-0.25490196,0.01960784,-0.1627907,-0.3220339,-0.61702128,-0.21568627,-0.0625,-0.14814815,-0.07407407,-0.45098039,-0.12280702,-0.0212766,-0.22528715
2024-03,-0.10344828,0.02325581,-0.27586207,0.20930233,0.10344828,-0.18644068,-0.16666667,-0.11428571,-0.13207547,-0.43859649,-0.24528302,0.1372549,-0.48,-0.12959261
2024-04,0.24137931,0.41666667,0.07692308,0.19148936,-0.1,-0.11111111,0.10714286,0.1884058,-0.06451613,-0.25,-0.34693878,-0.24,0.1627907,0.0069855
2024-05,-0.03333333,0.06122449,0.05660377,-0.11111111,-0.21428571,-0.30612245,0.12280702,0.3125,0.03125,0.13793103,-0.25,-0.0212766,-0.53191489,-0.08818565
2024-07,-0.37931034,0.11627907,-0.12727273,-0.46666667,-0.15254237,-0.22807018,-0.375,0.12121212,-0.16666667,-0.13793103,-0.21568627,-0.2,-0.0952381,-0.20234211
2024-09,-0.26153846,-0.02222222,-0.01960784,-0.38095238,-0.46428571,-0.22807018,-0.41176471,-0.36,-0.18518519,-0.03846154,-0.23076923,-0.29824561,-0.45833333,-0.24995303
2024-10,-0.29411765,0.1627907,0.01960784,-0.15,-0.125,-0.28301887,-0.39130435,-0.07462687,-0.3030303,-0.14285714,0.07692308,-0.01960784,-0.18518519,-0.13623331
2024-12,0.0,-0.16,0.19148936,0.0,0.14754098,-0.06666667,-0.23076923,0.18309859,0.14814815,0.20930233,-0.65957447,-0.01960784,-0.20689655,-0.0539195
2025-01,0.12903226,0.28571429,-0.05882353,0.35135135,0.18644068,-0.13207547,-0.10714286,0.39240506,0.3015873,0.06382979,-0.1372549,0.11538462,0.12820513,0.09385405
