,CPI,PCEPI,PAYEMS,JTSJOL,UMCSENT,INDPRO
1919-01-01,,,,,,4.8739
1919-02-01,,,,,,4.6585
1919-03-01,,,,,,4.5238
1919-04-01,,,,,,4.6046
1919-05-01,,,,,,4.6315
1919-06-01,,,,,,4.9277
1919-07-01,,,,,,5.2239
1919-08-01,,,,,,5.3047
1919-09-01,,,,,,5.197
1919-10-01,,,,,,5.1432
1919-11-01,,,,,,5.0624
1919-12-01,,,,,,5.1432
1920-01-01,,,,,,5.6279
1920-02-01,,,,,,5.6279
1920-03-01,,,,,,5.5201
1920-04-01,,,,,,5.2239
1920-05-01,,,,,,5.3586
1920-06-01,,,,,,5.4124
1920-07-01,,,,,,5.2778
1920-08-01,,,,,,5.3047
1920-09-01,,,,,,5.1162
1920-10-01,,,,,,4.9008
1920-11-01,,,,,,4.4969
1920-12-01,,,,,,4.2276
1921-01-01,,,,,,3.9853
1921-02-01,,,,,,3.9045
1921-03-01,,,,,,3.7968
1921-04-01,,,,,,3.7968
1921-05-01,,,,,,3.9045
1921-06-01,,,,,,3.8776
1921-07-01,,,,,,3.8506
1921-08-01,,,,,,3.9853
1921-09-01,,,,,,4.0122
1921-10-01,,,,,,4.2545
1921-11-01,,,,,,4.2007
1921-12-01,,,,,,4.1738
1922-01-01,,,,,,4.3353
1922-02-01,,,,,,4.5238
1922-03-01,,,,,,4.7662
1922-04-01,,,,,,4.6046
1922-05-01,,,,,,4.847
1922-06-01,,,,,,5.0893
1922-07-01,,,,,,5.0893
1922-08-01,,,,,,4.9816
1922-09-01,,,,,,5.2509
1922-10-01,,,,,,5.5471
1922-11-01,,,,,,5.7894
1922-12-01,,,,,,5.951
1923-01-01,,,,,,5.8163
1923-02-01,,,,,,5.8971
1923-03-01,,,,,,6.0856
1923-04-01,,,,,,6.2203
1923-05-01,,,,,,6.301
1923-06-01,,,,,,6.2472
1923-07-01,,,,,,6.1933
1923-08-01,,,,,,6.0856
1923-09-01,,,,,,5.951
1923-10-01,,,,,,5.9241
1923-11-01,,,,,,5.9241
1923-12-01,,,,,,5.7894
1924-01-01,,,,,,5.924
1924-02-01,,,,,,6.0318
1924-03-01,,,,,,5.9241
1924-04-01,,,,,,5.7356
1924-05-01,,,,,,5.4932
1924-06-01,,,,,,5.2509
1924-07-01,,,,,,5.1701
1924-08-01,,,,,,5.3586
1924-09-01,,,,,,5.5471
1924-10-01,,,,,,5.6817
1924-11-01,,,,,,5.7894
1924-12-01,,,,,,5.951
1925-01-01,,,,,,6.1395
1925-02-01,,,,,,6.1395
1925-03-01,,,,,,6.1395
1925-04-01,,,,,,6.1933
1925-05-01,,,,,,6.1664
1925-06-01,,,,,,6.1125
1925-07-01,,,,,,6.2741
1925-08-01,,,,,,6.1664
1925-09-01,,,,,,6.0856
1925-10-01,,,,,,6.328
1925-11-01,,,,,,6.4626
1925-12-01,,,,,,6.5434
1926-01-01,,,,,,6.4357
1926-02-01,,,,,,6.4357
1926-03-01,,,,,,6.5165
1926-04-01,,,,,,6.5165
1926-05-01,,,,,,6.4626
1926-06-01,,,,,,6.5434
1926-07-01,,,,,,6.5703
1926-08-01,,,,,,6.6511
1926-09-01,,,,,,6.7588
1926-10-01,,,,,,6.7588
1926-11-01,,,,,,6.7319
1926-12-01,,,,,,6.705
1927-01-01,,,,,,6.678
1927-02-01,,,,,,6.7319
1927-03-01,,,,,,6.8127
1927-04-01,,,,,,6.6511
1927-05-01,,,,,,6.705
1927-06-01,,,,,,6.678
1927-07-01,,,,,,6.5972
1927-08-01,,,,,,6.5972
1927-09-01,,,,,,6.4895
1927-10-01,,,,,,6.3549
1927-11-01,,,,,,6.3549
1927-12-01,,,,,,6.3818
1928-01-01,,,,,,6.5165
1928-02-01,,,,,,6.5703
1928-03-01,,,,,,6.6242
1928-04-01,,,,,,6.5972
1928-05-01,,,,,,6.678
1928-06-01,,,,,,6.7319
1928-07-01,,,,,,6.8127
1928-08-01,,,,,,6.9473
1928-09-01,,,,,,7.0012
1928-10-01,,,,,,7.1358
1928-11-01,,,,,,7.2704
1928-12-01,,,,,,7.4051
1929-01-01,,,,,,7.5128
1929-02-01,,,,,,7.4858
1929-03-01,,,,,,7.5128
1929-04-01,,,,,,7.6474
1929-05-01,,,,,,7.7821
1929-06-01,,,,,,7.8359
1929-07-01,,,,,,7.9436
1929-08-01,,,,,,7.8628
1929-09-01,,,,,,7.809
1929-10-01,,,,,,7.6743
1929-11-01,,,,,,7.2974
1929-12-01,,,,,,6.9742
1930-01-01,,,,,,6.9742
1930-02-01,,,,,,6.9473
1930-03-01,,,,,,6.8396
1930-04-01,,,,,,6.7857
1930-05-01,,,,,,6.678
1930-06-01,,,,,,6.4895
1930-07-01,,,,,,6.1933
1930-08-01,,,,,,6.0587
1930-09-01,,,,,,5.951
1930-10-01,,,,,,5.7894
1930-11-01,,,,,,5.6548
1930-12-01,,,,,,5.5201
1931-01-01,,,,,,5.4932
1931-02-01,,,,,,5.5201
1931-03-01,,,,,,5.6279
1931-04-01,,,,,,5.6548
1931-05-01,,,,,,5.574
1931-06-01,,,,,,5.4394
1931-07-01,,,,,,5.3586
1931-08-01,,,,,,5.1701
1931-09-01,,,,,,4.9277
1931-10-01,,,,,,4.7392
1931-11-01,,,,,,4.6854
1931-12-01,,,,,,4.6585
1932-01-01,,,,,,4.5238
1932-02-01,,,,,,4.4161
1932-03-01,,,,,,4.3623
1932-04-01,,,,,,4.0661
1932-05-01,,,,,,3.9314
1932-06-01,,,,,,3.7968
1932-07-01,,,,,,3.6891
1932-08-01,,,,,,3.7968
1932-09-01,,,,,,4.0391
1932-10-01,,,,,,4.1738
1932-11-01,,,,,,4.1738
1932-12-01,,,,,,4.093
1933-01-01,,,,,,4.0122
1933-02-01,,,,,,4.0391
1933-03-01,,,,,,3.7968
1933-04-01,,,,,,4.0661
1933-05-01,,,,,,4.7392
1933-06-01,,,,,,5.4663
1933-07-01,,,,,,5.9779
1933-08-01,,,,,,5.7356
1933-09-01,,,,,,5.4124
1933-10-01,,,,,,5.1432
1933-11-01,,,,,,4.847
1933-12-01,,,,,,4.8739
1934-01-01,,,,,,5.0354
1934-02-01,,,,,,5.2778
1934-03-01,,,,,,5.5201
1934-04-01,,,,,,5.5201
1934-05-01,,,,,,5.6278
1934-06-01,,,,,,5.5201
1934-07-01,,,,,,5.1432
1934-08-01,,,,,,5.0893
1934-09-01,,,,,,4.7931
1934-10-01,,,,,,5.0085
1934-11-01,,,,,,5.0624
1934-12-01,,,,,,5.3855
1935-01-01,,,,,,5.8163
1935-02-01,,,,,,5.9241
1935-03-01,,,,,,5.8971
1935-04-01,,,,,,5.7894
1935-05-01,,,,,,5.7894
1935-06-01,,,,,,5.8702
1935-07-01,,,,,,5.8702
1935-08-01,,,,,,6.0856
1935-09-01,,,,,,6.2472
1935-10-01,,,,,,6.4357
1935-11-01,,,,,,6.5703
1935-12-01,,,,,,6.6511
1936-01-01,,,,,,6.5434
1936-02-01,,,,,,6.3818
1936-03-01,,,,,,6.4626
1936-04-01,,,,,,6.8665
1936-05-01,,,,,,7.0012
1936-06-01,,,,,,7.1358
1936-07-01,,,,,,7.2704
1936-08-01,,,,,,7.3781
1936-09-01,,,,,,7.5128
1936-10-01,,,,,,7.6205
1936-11-01,,,,,,7.8359
1936-12-01,,,,,,8.0783
1937-01-01,,,,,,8.0513
1937-02-01,,,,,,8.159
1937-03-01,,,,,,8.3475
1937-04-01,,,,,,8.3475
1937-05-01,,,,,,8.3745
1937-06-01,,,,,,8.2667
1937-07-01,,,,,,8.3206
1937-08-01,,,,,,8.2667
1937-09-01,,,,,,7.9975
1937-10-01,,,,,,7.4051
1937-11-01,,,,,,6.678
1937-12-01,,,,,,6.0856
1938-01-01,,,,,,5.951
1938-02-01,,,,,,5.8971
1938-03-01,,,,,,5.8971
1938-04-01,,,,,,5.7894
1938-05-01,,,,,,5.6548
1938-06-01,,,,,,5.7086
1938-07-01,,,,,,6.0318
1938-08-01,,,,,,6.3549
1938-09-01,,,,,,6.5434
1938-10-01,,,,,,6.705
1938-11-01,,,,,,6.9742
1938-12-01,,,,,,7.055
1939-01-01,,,29923.0,,,7.055
1939-02-01,,,30100.0,,,7.1089
1939-03-01,,,30280.0,,,7.1358
1939-04-01,,,30094.0,,,7.1089
1939-05-01,,,30299.0,,,7.0819
1939-06-01,,,30502.0,,,7.2435
1939-07-01,,,30419.0,,,7.4589
1939-08-01,,,30663.0,,,7.5666
1939-09-01,,,31031.0,,,8.0244
1939-10-01,,,31411.0,,,8.4283
1939-11-01,,,31470.0,,,8.6437
1939-12-01,,,31542.0,,,8.6437
1940-01-01,,,31603.0,,,8.536
1940-02-01,,,31715.0,,,8.2667
1940-03-01,,,31825.0,,,8.0783
1940-04-01,,,31701.0,,,8.2398
1940-05-01,,,31879.0,,,8.4822
1940-06-01,,,31977.0,,,8.7514
1940-07-01,,,31942.0,,,8.8592
1940-08-01,,,32352.0,,,8.913
1940-09-01,,,32810.0,,,9.1015
1940-10-01,,,33267.0,,,9.2361
1940-11-01,,,33669.0,,,9.4516
1940-12-01,,,34174.0,,,9.7747
1941-01-01,,,34481.0,,,10.017
1941-02-01,,,34843.0,,,10.3132
1941-03-01,,,35092.0,,,10.6364
1941-04-01,,,35468.0,,,10.6633
1941-05-01,,,36182.0,,,11.148
1941-06-01,,,36650.0,,,11.2288
1941-07-01,,,37137.0,,,11.3634
1941-08-01,,,37544.0,,,11.4981
1941-09-01,,,37835.0,,,11.4981
1941-10-01,,,37949.0,,,11.6058
1941-11-01,,,38024.0,,,11.6596
1941-12-01,,,38104.0,,,11.8481
1942-01-01,,,38347.0,,,12.0905
1942-02-01,,,38512.0,,,12.3059
1942-03-01,,,38935.0,,,12.4405
1942-04-01,,,39352.0,,,12.0905
1942-05-01,,,39771.0,,,12.1174
1942-06-01,,,40029.0,,,12.1443
1942-07-01,,,40472.0,,,12.4405
1942-08-01,,,40988.0,,,12.8175
1942-09-01,,,41259.0,,,13.1137
1942-10-01,,,41515.0,,,13.5445
1942-11-01,,,41674.0,,,13.8677
1942-12-01,,,41915.0,,,14.1908
1943-01-01,,,42172.0,,,14.3255
1943-02-01,,,42393.0,,,14.7024
1943-03-01,,,42552.0,,,14.8102
1943-04-01,,,42647.0,,,14.9986
1943-05-01,,,42596.0,,,15.1063
1943-06-01,,,42781.0,,,15.0256
1943-07-01,,,42700.0,,,15.4833
1943-08-01,,,42546.0,,,15.8064
1943-09-01,,,42492.0,,,16.2104
1943-10-01,,,42675.0,,,16.4527
1943-11-01,,,42821.0,,,16.6681
1943-12-01,,,42746.0,,,16.4527
1944-01-01,,,42654.0,,,16.6412
1944-02-01,,,42538.0,,,16.7758
1944-03-01,,,42294.0,,,16.7489
1944-04-01,,,42063.0,,,16.7489
1944-05-01,,,41985.0,,,16.6412
1944-06-01,,,41947.0,,,16.5874
1944-07-01,,,41904.0,,,16.5604
1944-08-01,,,41850.0,,,16.7758
1944-09-01,,,41679.0,,,16.6681
1944-10-01,,,41708.0,,,16.722
1944-11-01,,,41711.0,,,16.5873
1944-12-01,,,41860.0,,,16.5335
1945-01-01,,,41895.0,,,16.3719
1945-02-01,,,41897.0,,,16.3181
1945-03-01,,,41798.0,,,16.2104
1945-04-01,,,41446.0,,,15.9142
1945-05-01,,,41304.0,,,15.4833
1945-06-01,,,41149.0,,,15.1333
1945-07-01,,,40874.0,,,14.7832
1945-08-01,,,40466.0,,,13.2483
1945-09-01,,,38507.0,,,12.0635
1945-10-01,,,38600.0,,,11.5788
1945-11-01,,,38996.0,,,12.0097
1945-12-01,,,39110.0,,,12.0635
1946-01-01,,,39829.0,,,11.3903
1946-02-01,,,39244.0,,,10.8249
1946-03-01,,,40195.0,,,11.9558
1946-04-01,,,40913.0,,,11.7404
1946-05-01,,,41349.0,,,11.3096
1946-06-01,,,41735.0,,,12.0097
1946-07-01,,,42153.0,,,12.4136
1946-08-01,,,42642.0,,,12.8714
1946-09-01,,,42915.0,,,13.1137
1946-10-01,,,43093.0,,,13.356
1946-11-01,,,43395.0,,,13.4368
1946-12-01,,,43379.0,,,13.5176
1947-01-01,21.48,,43535.0,,,13.6792
1947-02-01,21.62,,43557.0,,,13.76
1947-03-01,22.0,,43607.0,,,13.8407
1947-04-01,22.0,,43499.0,,,13.733
1947-05-01,21.95,,43638.0,,,13.7869
1947-06-01,22.08,,43810.0,,,13.7869
1947-07-01,22.23,,43743.0,,,13.7061
1947-08-01,22.4,,43960.0,,,13.7869
1947-09-01,22.84,,44203.0,,,13.8946
1947-10-01,22.91,,44411.0,,,14.0292
1947-11-01,23.06,,44484.0,,,14.2177
1947-12-01,23.41,,44581.0,,,14.2716
1948-01-01,23.68,,44679.0,,,14.3524
1948-02-01,23.67,,44533.0,,,14.3793
1948-03-01,23.5,,44683.0,,,14.2177
1948-04-01,23.82,,44379.0,,,14.2447
1948-05-01,24.01,,44796.0,,,14.487
1948-06-01,24.15,,45034.0,,,14.6755
1948-07-01,24.4,,45160.0,,,14.6755
1948-08-01,24.43,,45178.0,,,14.6216
1948-09-01,24.36,,45294.0,,,14.5139
1948-10-01,24.31,,45245.0,,,14.6217
1948-11-01,24.16,,45192.0,,,14.4332
1948-12-01,24.05,,45032.0,,,14.2985
1949-01-01,24.01,,44668.0,,,14.1639
1949-02-01,23.91,,44497.0,,,14.0292
1949-03-01,23.91,,44240.0,,,13.76
1949-04-01,23.92,,44236.0,,,13.6792
1949-05-01,23.91,,43984.0,,,13.4907
1949-06-01,23.92,,43739.0,,,13.4638
1949-07-01,23.7,,43531.0,,,13.4368
1949-08-01,23.7,,43624.0,,,13.5715
1949-09-01,23.75,,43780.0,,,13.7061
1949-10-01,23.67,,42942.0,,,13.1945
1949-11-01,23.7,,43242.0,,,13.5446
1949-12-01,23.61,,43522.0,,,13.7869
1950-01-01,23.51,,43526.0,,,14.0292
1950-02-01,23.61,,43297.0,,,14.0831
1950-03-01,23.64,,43954.0,,,14.5409
1950-04-01,23.65,,44382.0,,,15.0255
1950-05-01,23.77,,44718.0,,,15.3756
1950-06-01,23.88,,45083.0,,,15.8334
1950-07-01,24.07,,45454.0,,,16.345
1950-08-01,24.2,,46192.0,,,16.8566
1950-09-01,24.34,,46438.0,,,16.7489
1950-10-01,24.5,,46706.0,,,16.8566
1950-11-01,24.6,,46776.0,,,16.8297
1950-12-01,24.98,,46861.0,,,17.1259
1951-01-01,25.38,,47288.0,,,17.1797
1951-02-01,25.83,,47577.0,,,17.2875
1951-03-01,25.88,,47873.0,,,17.3682
1951-04-01,25.92,,47861.0,,,17.3952
1951-05-01,25.99,,47952.0,,,17.3413
1951-06-01,25.93,,48064.0,,,17.2605
1951-07-01,25.91,,48061.0,,,16.9913
1951-08-01,25.86,,48012.0,,,16.8297
1951-09-01,26.03,,47954.0,,,16.9374
1951-10-01,26.16,,48006.0,,,16.9105
1951-11-01,26.32,,48147.0,,,17.0451
1951-12-01,26.47,,48314.0,,,17.1528
1952-01-01,26.45,,48296.0,,,17.3413
1952-02-01,26.41,,48522.0,,,17.449
1952-03-01,26.39,,48504.0,,,17.5029
1952-04-01,26.46,,48620.0,,,17.3413
1952-05-01,26.47,,48642.0,,,17.1798
1952-06-01,26.53,,48282.0,,,17.0182
1952-07-01,26.68,,48143.0,,,16.7489
1952-08-01,26.69,,48924.0,,,17.826
1952-09-01,26.63,,49320.0,,,18.4723
1952-10-01,26.69,,49597.0,,,18.6608
1952-11-01,26.69,,49816.0,,86.2,19.0378
1952-12-01,26.71,,50166.0,,,19.1455
1953-01-01,26.64,,50144.0,,,19.1993
1953-02-01,26.59,,50339.0,,90.7,19.307
1953-03-01,26.63,,50473.0,,,19.4686
1953-04-01,26.69,,50435.0,,,19.5494
1953-05-01,26.7,,50490.0,,,19.6571
1953-06-01,26.77,,50519.0,,,19.5763
1953-07-01,26.79,,50536.0,,,19.8187
1953-08-01,26.85,,50489.0,,80.8,19.7109
1953-09-01,26.89,,50368.0,,,19.307
1953-10-01,26.95,,50240.0,,,19.1455
1953-11-01,26.85,,49908.0,,80.7,18.6877
1953-12-01,26.87,,49703.0,,,18.2299
1954-01-01,26.94,,49469.0,,,18.0953
1954-02-01,26.99,,49382.0,,82.0,18.1492
1954-03-01,26.93,,49157.0,,,18.0414
1954-04-01,26.86,,49179.0,,,17.9337
1954-05-01,26.93,,48965.0,,82.9,18.0414
1954-06-01,26.94,,48895.0,,,18.0953
1954-07-01,26.86,,48835.0,,,18.1222
1954-08-01,26.85,,48826.0,,,18.0953
1954-09-01,26.81,,48886.0,,,18.1222
1954-10-01,26.72,,48942.0,,,18.3377
1954-11-01,26.78,,49180.0,,87.0,18.6338
1954-12-01,26.77,,49331.0,,,18.8762
1955-01-01,26.77,,49496.0,,,19.307
1955-02-01,26.82,,49644.0,,95.9,19.5494
1955-03-01,26.79,,49962.0,,,20.0071
1955-04-01,26.79,,50248.0,,,20.2495
1955-05-01,26.77,,50512.0,,99.1,20.5726
1955-06-01,26.71,,50790.0,,,20.5996
1955-07-01,26.76,,50987.0,,,20.7611
1955-08-01,26.72,,51111.0,,,20.7342
1955-09-01,26.85,,51266.0,,,20.8688
1955-10-01,26.82,,51429.0,,,21.2189
1955-11-01,26.88,,51592.0,,99.7,21.2727
1955-12-01,26.87,,51805.0,,,21.3535
1956-01-01,26.83,,51975.0,,,21.4882
1956-02-01,26.86,,52167.0,,,21.2997
1956-03-01,26.89,,52294.0,,,21.2997
1956-04-01,26.93,,52375.0,,,21.4612
1956-05-01,27.03,,52506.0,,98.2,21.2728
1956-06-01,27.15,,52586.0,,,21.0843
1956-07-01,27.29,,51955.0,,,20.438
1956-08-01,27.31,,52631.0,,99.9,21.2727
1956-09-01,27.35,,52604.0,,,21.7574
1956-10-01,27.51,,52777.0,,,21.9459
1956-11-01,27.51,,52821.0,,100.2,21.7574
1956-12-01,27.63,,52929.0,,,22.0806
1957-01-01,27.67,,52887.0,,,21.9998
1957-02-01,27.8,,53097.0,,,22.2152
1957-03-01,27.86,,53156.0,,,22.1883
1957-04-01,27.93,,53238.0,,,21.8921
1957-05-01,28.0,,53150.0,,92.9,21.8113
1957-06-01,28.11,,53067.0,,,21.8652
1957-07-01,28.19,,53123.0,,,21.9998
1957-08-01,28.28,,53128.0,,,21.9998
1957-09-01,28.32,,52934.0,,,21.8113
1957-10-01,28.32,,52763.0,,,21.4882
1957-11-01,28.41,,52558.0,,83.7,20.9765
1957-12-01,28.47,,52384.0,,,20.5726
1958-01-01,28.64,,52076.0,,,20.1956
1958-02-01,28.7,,51576.0,,78.5,19.7648
1958-03-01,28.87,,51299.0,,,19.5225
1958-04-01,28.94,,51027.0,,,19.1993
1958-05-01,28.94,,50914.0,,80.9,19.3878
1958-06-01,28.91,,50914.0,,,19.8994
1958-07-01,28.89,,51039.0,,,20.1956
1958-08-01,28.94,,51233.0,,,20.5995
1958-09-01,28.91,,51506.0,,,20.7881
1958-10-01,28.91,,51485.0,,,21.0304
1958-11-01,28.95,,51944.0,,90.8,21.6497
1958-12-01,28.97,,52085.0,,,21.6767
1959-01-01,29.01,15.164,52478.0,,,21.9998
1959-02-01,29.0,15.179,52688.0,,,22.4306
1959-03-01,28.97,15.189,53014.0,,,22.7538
1959-04-01,28.98,15.219,53321.0,,,23.2384
1959-05-01,29.04,15.227,53550.0,,95.3,23.5885
1959-06-01,29.11,15.271,53681.0,,,23.6155
1959-07-01,29.15,15.303,53804.0,,,23.05
1959-08-01,29.18,15.325,53336.0,,,22.2691
1959-09-01,29.25,15.365,53428.0,,,22.2421
1959-10-01,29.35,15.402,53358.0,,,22.0806
1959-11-01,29.35,15.412,53634.0,,93.8,22.2152
1959-12-01,29.41,15.43,54174.0,,,23.5885
1960-01-01,29.37,15.421,54274.0,,,24.2078
1960-02-01,29.41,15.437,54513.0,,100.0,23.9924
1960-03-01,29.41,15.446,54454.0,,,23.777
1960-04-01,29.54,15.502,54813.0,,,23.5885
1960-05-01,29.57,15.518,54475.0,,93.3,23.5616
1960-06-01,29.61,15.525,54348.0,,,23.2654
1960-07-01,29.55,15.553,54306.0,,,23.1846
1960-08-01,29.61,15.579,54272.0,,97.2,23.1577
1960-09-01,29.61,15.588,54227.0,,,22.9153
1960-10-01,29.75,15.606,54142.0,,,22.8884
1960-11-01,29.78,15.659,53961.0,,90.1,22.5653
1960-12-01,29.81,15.662,53742.0,,,22.1344
1961-01-01,29.84,15.665,53683.0,,,22.1613
1961-02-01,29.84,15.679,53557.0,,91.6,22.1344
1961-03-01,29.84,15.67,53659.0,,,22.2691
1961-04-01,29.81,15.661,53627.0,,,22.7268
1961-05-01,29.84,15.67,53786.0,,92.5,23.0769
1961-06-01,29.84,15.677,53977.0,,,23.4
1961-07-01,29.92,15.711,54123.0,,,23.6693
1961-08-01,29.94,15.724,54298.0,,99.2,23.8847
1961-09-01,29.98,15.742,54388.0,,,23.8578
1961-10-01,29.98,15.741,54522.0,,,24.3156
1961-11-01,29.98,15.742,54742.0,,93.0,24.6926
1961-12-01,30.01,15.746,54872.0,,,24.908
1962-01-01,30.04,15.776,54891.0,,,24.6925
1962-02-01,30.11,15.818,55188.0,,99.9,25.0964
1962-03-01,30.17,15.839,55275.0,,,25.2311
1962-04-01,30.21,15.857,55602.0,,,25.285
1962-05-01,30.24,15.867,55628.0,,95.4,25.258
1962-06-01,30.21,15.877,55644.0,,,25.2042
1962-07-01,30.22,15.868,55746.0,,,25.4465
1962-08-01,30.28,15.891,55838.0,,91.6,25.4734
1962-09-01,30.42,15.969,55978.0,,,25.635
1962-10-01,30.38,15.953,56041.0,,,25.6619
1962-11-01,30.38,15.964,56056.0,,95.0,25.7696
1962-12-01,30.38,15.958,56028.0,,,25.7696
1963-01-01,30.44,15.997,56115.0,,,25.9581
1963-02-01,30.48,16.014,56230.0,,98.4,26.2544
1963-03-01,30.51,16.001,56320.0,,,26.4159
1963-04-01,30.48,16.0,56580.0,,,26.6582
1963-05-01,30.51,16.026,56616.0,,91.7,26.9814
1963-06-01,30.61,16.061,56659.0,,,27.0622
1963-07-01,30.69,16.093,56794.0,,,26.9545
1963-08-01,30.75,16.115,56910.0,,96.4,27.0083
1963-09-01,30.72,16.112,57078.0,,,27.2776
1963-10-01,30.75,16.143,57283.0,,,27.4661
1963-11-01,30.78,16.166,57255.0,,94.4,27.6007
1963-12-01,30.88,16.19,57361.0,,,27.5469
1964-01-01,30.94,16.224,57487.0,,,27.7892
1964-02-01,30.91,16.247,57753.0,,99.5,27.9777
1964-03-01,30.94,16.257,57897.0,,,27.9777
1964-04-01,30.95,16.269,57922.0,,,28.4355
1964-05-01,30.98,16.271,58089.0,,98.5,28.597
1964-06-01,31.01,16.294,58219.0,,,28.6778
1964-07-01,31.02,16.315,58412.0,,,28.8663
1964-08-01,31.05,16.327,58619.0,,100.6,29.0548
1964-09-01,31.08,16.352,58903.0,,,29.1625
1964-10-01,31.12,16.362,58793.0,,,28.7586
1964-11-01,31.21,16.385,59218.0,,99.9,29.6472
1964-12-01,31.25,16.409,59421.0,,,29.9973
1965-01-01,31.28,16.427,59582.0,,,30.3204
1965-02-01,31.28,16.434,59800.0,,102.0,30.5089
1965-03-01,31.31,16.455,60003.0,,,30.9128
1965-04-01,31.38,16.481,60259.0,,,31.0474
1965-05-01,31.48,16.518,60491.0,,105.4,31.2898
1965-06-01,31.61,16.566,60690.0,,,31.5321
1965-07-01,31.58,16.578,60965.0,,,31.8283
1965-08-01,31.55,16.582,61228.0,,103.4,31.963
1965-09-01,31.62,16.59,61490.0,,,32.0438
1965-10-01,31.65,16.595,61719.0,,,32.3669
1965-11-01,31.75,16.623,61996.0,,102.9,32.5015
1965-12-01,31.85,16.683,62322.0,,,32.9054
1966-01-01,31.88,16.703,62529.0,,,33.2286
1966-02-01,32.08,16.772,62796.0,,100.0,33.444
1966-03-01,32.18,16.813,63192.0,,,33.9018
1966-04-01,32.28,16.871,63437.0,,,33.9556
1966-05-01,32.35,16.892,63712.0,,95.7,34.2787
1966-06-01,32.38,16.934,64111.0,,,34.4403
1966-07-01,32.45,16.967,64301.0,,,34.6288
1966-08-01,32.65,17.032,64507.0,,91.2,34.6557
1966-09-01,32.75,17.086,64643.0,,,34.9789
1966-10-01,32.85,17.131,64854.0,,,35.2212
1966-11-01,32.88,17.156,65019.0,,88.3,34.9788
1966-12-01,32.92,17.192,65199.0,,,35.0596
1967-01-01,32.9,17.193,65407.0,,,35.225
1967-02-01,33.0,17.213,65429.0,,94.1,34.8255
1967-03-01,33.0,17.222,65530.0,,,34.6292
1967-04-01,33.1,17.251,65466.0,,,34.9558
1967-05-01,33.1,17.284,65620.0,,95.9,34.6508
1967-06-01,33.3,17.339,65750.0,,,34.6465
1967-07-01,33.4,17.398,65888.0,,,34.5676
1967-08-01,33.5,17.452,66143.0,,97.0,35.2299
1967-09-01,33.6,17.505,66164.0,,,35.1727
1967-10-01,33.7,17.554,66225.0,,,35.4591
1967-11-01,33.9,17.612,66703.0,,92.9,35.9663
1967-12-01,34.0,17.64,66900.0,,,36.3536
1968-01-01,34.1,17.722,66804.0,,,36.3145
1968-02-01,34.2,17.794,67215.0,,97.2,36.4446
1968-03-01,34.3,17.852,67295.0,,,36.5584
1968-04-01,34.4,17.908,67556.0,,,36.6113
1968-05-01,34.5,17.974,67652.0,,92.4,37.022
1968-06-01,34.7,18.032,67905.0,,,37.158
1968-07-01,34.9,18.087,68126.0,,,37.101
1968-08-01,35.0,18.161,68330.0,,92.4,37.2045
1968-09-01,35.1,18.224,68484.0,,,37.3454
1968-10-01,35.3,18.304,68721.0,,,37.4196
1968-11-01,35.4,18.366,68984.0,,91.7,37.9036
1968-12-01,35.6,18.404,69248.0,,,38.0233
1969-01-01,35.7,18.476,69439.0,,,38.2533
1969-02-01,35.8,18.523,69699.0,,98.2,38.4981
1969-03-01,36.1,18.61,69905.0,,,38.8
1969-04-01,36.3,18.692,70072.0,,,38.6573
1969-05-01,36.4,18.767,70328.0,,91.5,38.5111
1969-06-01,36.6,18.858,70636.0,,,38.8874
1969-07-01,36.8,18.941,70729.0,,,39.0927
1969-08-01,36.9,18.993,71008.0,,86.4,39.1825
1969-09-01,37.1,19.072,70914.0,,,39.1737
1969-10-01,37.3,19.137,71121.0,,,39.1852
1969-11-01,37.5,19.22,71086.0,,79.7,38.8158
1969-12-01,37.7,19.308,71241.0,,,38.7116
1970-01-01,37.9,19.377,71176.0,,,37.9948
1970-02-01,38.1,19.454,71305.0,,78.1,37.9698
1970-03-01,38.3,19.502,71451.0,,,37.9205
1970-04-01,38.5,19.601,71348.0,,,37.823
1970-05-01,38.6,19.663,71124.0,,75.4,37.7789
1970-06-01,38.8,19.714,71029.0,,,37.6567
1970-07-01,38.9,19.786,71053.0,,,37.7491
1970-08-01,39.0,19.838,70937.0,,77.6,37.6818
1970-09-01,39.2,19.927,70944.0,,,37.4221
1970-10-01,39.4,20.026,70521.0,,,36.6735
1970-11-01,39.6,20.105,70409.0,,72.4,36.4514
1970-12-01,39.8,20.194,70792.0,,,37.2885
1971-01-01,39.9,20.237,70865.0,,,37.5753
1971-02-01,39.9,20.296,70807.0,,78.1,37.5037
1971-03-01,40.0,20.363,70860.0,,,37.4631
1971-04-01,40.1,20.443,71036.0,,,37.6735
1971-05-01,40.3,20.528,71247.0,,80.2,37.8646
1971-06-01,40.5,20.619,71254.0,,,38.0234
1971-07-01,40.6,20.681,71315.0,,,37.9131
1971-08-01,40.7,20.741,71373.0,,82.1,37.693
1971-09-01,40.8,20.772,71614.0,,,38.3056
1971-10-01,40.9,20.804,71642.0,,,38.5924
1971-11-01,41.0,20.847,71847.0,,82.0,38.7561
1971-12-01,41.1,20.929,72109.0,,,39.2035
1972-01-01,41.2,21.015,72441.0,,,40.1408
1972-02-01,41.4,21.098,72648.0,,92.8,40.5459
1972-03-01,41.4,21.128,72944.0,,,40.8263
1972-04-01,41.5,21.16,73162.0,,,41.2348
1972-05-01,41.6,21.207,73469.0,,88.6,41.2405
1972-06-01,41.7,21.239,73758.0,,,41.3497
1972-07-01,41.8,21.315,73709.0,,,41.3035
1972-08-01,41.9,21.377,74141.0,,95.2,41.879
1972-09-01,42.1,21.473,74264.0,,,42.2132
1972-10-01,42.2,21.497,74674.0,,,42.7494
1972-11-01,42.4,21.561,74973.0,,90.7,43.2548
1972-12-01,42.5,21.63,75268.0,,,43.7367
1973-01-01,42.7,21.695,75617.0,,,44.0529
1973-02-01,43.0,21.809,76014.0,,81.9,44.6827
1973-03-01,43.4,21.964,76284.0,,,44.7045
1973-04-01,43.7,22.127,76455.0,,,44.6387
1973-05-01,43.9,22.236,76648.0,,77.0,44.9429
1973-06-01,44.2,22.363,76887.0,,,45.0035
1973-07-01,44.2,22.444,76913.0,,,45.1636
1973-08-01,45.0,22.703,77168.0,,72.0,45.1019
1973-09-01,45.2,22.793,77276.0,,,45.4624
1973-10-01,45.6,22.922,77607.0,,,45.847
1973-11-01,45.9,23.11,77920.0,,76.5,46.0553
1973-12-01,46.3,23.3,78031.0,,,45.923
1974-01-01,46.8,23.523,78100.0,,,45.6204
1974-02-01,47.3,23.797,78254.0,,61.8,45.4759
1974-03-01,47.8,24.073,78296.0,,,45.4777
1974-04-01,48.1,24.243,78382.0,,,45.3451
1974-05-01,48.6,24.482,78549.0,,72.1,45.7044
1974-06-01,49.0,24.69,78604.0,,,45.6238
1974-07-01,49.3,24.872,78636.0,,,45.7221
1974-08-01,49.9,25.132,78619.0,,64.4,45.2366
1974-09-01,50.6,25.393,78610.0,,,45.2365
1974-10-01,51.0,25.575,78630.0,,,45.1133
1974-11-01,51.5,25.767,78265.0,,59.5,43.6278
1974-12-01,51.9,25.971,77652.0,,,42.0533
1975-01-01,52.3,26.132,77293.0,,,41.4676
1975-02-01,52.6,26.274,76918.0,,57.6,40.5165
1975-03-01,52.8,26.363,76648.0,,,40.0638
1975-04-01,53.0,26.452,76460.0,,,40.1573
1975-05-01,53.1,26.558,76624.0,,72.8,40.0253
1975-06-01,53.5,26.724,76521.0,,,40.2772
1975-07-01,54.0,26.953,76770.0,,,40.6994
1975-08-01,54.2,27.07,77153.0,,75.7,41.0998
1975-09-01,54.6,27.204,77228.0,,,41.6304
1975-10-01,54.9,27.362,77540.0,,,41.8135
1975-11-01,55.3,27.538,77685.0,,75.6,41.8697
1975-12-01,55.6,27.69,78017.0,,,42.4414
1976-01-01,55.8,27.795,78503.0,,,43.0012
1976-02-01,55.9,27.831,78816.0,,84.6,43.4229
1976-03-01,56.0,27.873,79048.0,,,43.5168
1976-04-01,56.1,27.936,79292.0,,,43.7327
1976-05-01,56.4,28.069,79312.0,,83.3,43.9186
1976-06-01,56.7,28.192,79376.0,,,43.9637
1976-07-01,57.0,28.335,79547.0,,,44.2141
1976-08-01,57.3,28.491,79704.0,,89.7,44.5182
1976-09-01,57.6,28.651,79892.0,,,44.6721
1976-10-01,57.9,28.801,79911.0,,,44.6585
1976-11-01,58.1,28.932,80240.0,,87.0,45.3392
1976-12-01,58.4,29.094,80448.0,,,45.8294
1977-01-01,58.7,29.263,80690.0,,,45.5087
1977-02-01,59.3,29.492,80988.0,,87.1,46.2277
1977-03-01,59.6,29.64,81391.0,,,46.8185
1977-04-01,60.0,29.812,81728.0,,,47.2684
1977-05-01,60.2,29.963,82088.0,,90.2,47.6411
1977-06-01,60.5,30.131,82488.0,,,48.0116
1977-07-01,60.8,30.287,82834.0,,,48.073
1977-08-01,61.1,30.428,83075.0,,89.0,48.1205
1977-09-01,61.3,30.543,83532.0,,,48.3189
1977-10-01,61.6,30.685,83800.0,,,48.3871
1977-11-01,62.0,30.861,84173.0,,84.4,48.4761
1977-12-01,62.3,31.011,84410.0,,,48.5629
1978-01-01,62.7,31.194,84594.0,,83.7,47.8481
1978-02-01,63.0,31.339,84948.0,,84.3,48.1044
1978-03-01,63.4,31.542,85460.0,,78.8,49.0265
1978-04-01,63.9,31.781,86162.0,,81.6,50.0206
1978-05-01,64.5,32.008,86509.0,,82.9,50.254
1978-06-01,65.0,32.217,86950.0,,80.0,50.5801
1978-07-01,65.5,32.393,87204.0,,82.4,50.5384
1978-08-01,65.9,32.557,87483.0,,78.4,50.7458
1978-09-01,66.5,32.742,87621.0,,80.4,50.8744
1978-10-01,67.1,33.003,87956.0,,79.3,51.2559
1978-11-01,67.5,33.19,88391.0,,75.0,51.6514
1978-12-01,67.9,33.345,88671.0,,66.1,51.909
1979-01-01,68.5,33.597,88808.0,,72.1,51.6278
1979-02-01,69.2,33.776,89055.0,,73.9,51.8752
1979-03-01,69.9,34.04,89479.0,,68.4,52.0446
1979-04-01,70.6,34.395,89417.0,,66.0,51.4193
1979-05-01,71.4,34.751,89789.0,,68.1,51.8856
1979-06-01,72.2,35.038,90108.0,,65.8,51.8965
1979-07-01,73.0,35.305,90217.0,,60.4,51.8097
1979-08-01,73.7,35.575,90300.0,,64.5,51.4684
1979-09-01,74.4,35.889,90327.0,,66.7,51.4597
1979-10-01,75.2,36.182,90481.0,,62.1,51.8334
1979-11-01,76.0,36.433,90573.0,,63.3,51.7531
1979-12-01,76.9,36.739,90672.0,,61.0,51.7878
1980-01-01,78.0,37.124,90800.0,,67.0,52.0679
1980-02-01,79.0,37.526,90883.0,,66.9,52.082
1980-03-01,80.1,37.987,90994.0,,56.5,51.87
1980-04-01,80.9,38.185,90849.0,,52.7,50.8397
1980-05-01,81.7,38.482,90420.0,,51.7,49.589
1980-06-01,82.5,38.725,90101.0,,58.7,48.9482
1980-07-01,82.6,39.026,89840.0,,62.3,48.6039
1980-08-01,83.2,39.351,90099.0,,67.3,48.7563
1980-09-01,83.9,39.715,90213.0,,73.7,49.5608
1980-10-01,84.7,40.033,90490.0,,75.0,50.1908
1980-11-01,85.6,40.359,90747.0,,76.7,51.0311
1980-12-01,86.4,40.621,90943.0,,64.5,51.3708
1981-01-01,87.2,41.011,91033.0,,71.4,51.0415
1981-02-01,88.0,41.426,91105.0,,66.9,50.824
1981-03-01,88.6,41.715,91210.0,,66.5,51.0826
1981-04-01,89.1,41.897,91283.0,,72.4,50.858
1981-05-01,89.7,42.085,91296.0,,76.3,51.1495
1981-06-01,90.5,42.253,91490.0,,73.1,51.4101
1981-07-01,91.5,42.508,91601.0,,74.1,51.7471
1981-08-01,92.2,42.774,91565.0,,77.2,51.6826
1981-09-01,93.1,43.033,91477.0,,73.1,51.4337
1981-10-01,93.4,43.228,91380.0,,70.3,51.0281
1981-11-01,93.8,43.46,91171.0,,62.5,50.435
1981-12-01,94.1,43.594,90895.0,,64.3,49.8987
1982-01-01,94.4,43.853,90565.0,,71.0,48.8685
1982-02-01,94.7,43.985,90563.0,,66.5,49.8636
1982-03-01,94.7,44.098,90434.0,,62.0,49.5323
1982-04-01,95.0,44.12,90150.0,,65.5,49.075
1982-05-01,95.9,44.382,90107.0,,67.5,48.7483
1982-06-01,97.0,44.704,89865.0,,65.7,48.6214
1982-07-01,97.5,44.969,89521.0,,65.4,48.4616
1982-08-01,97.7,45.108,89363.0,,65.4,48.0192
1982-09-01,97.7,45.233,89183.0,,69.3,47.9008
1982-10-01,98.1,45.487,88907.0,,73.4,47.4371
1982-11-01,98.0,45.624,88786.0,,72.1,47.283
1982-12-01,97.7,45.693,88771.0,,71.9,46.9485
1983-01-01,97.9,45.906,88990.0,,70.4,47.8234
1983-02-01,98.0,45.984,88917.0,,74.6,47.5233
1983-03-01,98.1,46.043,89090.0,,80.8,47.9244
1983-04-01,98.8,46.253,89364.0,,89.1,48.5311
1983-05-01,99.2,46.384,89644.0,,93.3,48.8239
1983-06-01,99.4,46.557,90021.0,,92.2,49.123
1983-07-01,99.8,46.82,90437.0,,92.8,49.8546
1983-08-01,100.1,47.02,90129.0,,90.9,50.4443
1983-09-01,100.4,47.185,91247.0,,89.9,51.178
1983-10-01,100.8,47.265,91520.0,,89.3,51.5693
1983-11-01,101.1,47.332,91875.0,,91.1,51.7993
1983-12-01,101.4,47.358,92230.0,,94.2,52.0594
1984-01-01,102.1,47.564,92673.0,,100.1,53.0985
1984-02-01,102.6,47.884,93157.0,,97.4,53.3318
1984-03-01,102.9,48.041,93429.0,,101.0,53.5929
1984-04-01,103.3,48.224,93792.0,,96.1,53.91
1984-05-01,103.5,48.285,94098.0,,98.1,54.2026
1984-06-01,103.7,48.371,94479.0,,95.5,54.4014
1984-07-01,104.1,48.544,94789.0,,96.6,54.5521
1984-08-01,104.4,48.693,95032.0,,99.1,54.6083
1984-09-01,104.7,48.759,95344.0,,100.9,54.4466
1984-10-01,105.1,48.874,95629.0,,96.3,54.4406
1984-11-01,105.3,48.943,95982.0,,95.7,54.624
1984-12-01,105.5,49.081,96107.0,,92.9,54.6416
1985-01-01,105.7,49.326,96372.0,,96.0,54.6322
1985-02-01,106.3,49.555,96503.0,,93.7,54.7825
1985-03-01,106.8,49.749,96842.0,,93.7,54.8653
1985-04-01,107.0,49.821,97038.0,,94.6,54.7459
1985-05-01,107.2,49.939,97312.0,,91.8,54.8255
1985-06-01,107.5,50.075,97459.0,,96.5,54.7989
1985-07-01,107.7,50.198,97648.0,,94.0,54.5396
1985-08-01,107.9,50.364,97840.0,,92.4,54.7055
1985-09-01,108.1,50.449,98045.0,,92.1,54.8906
1985-10-01,108.5,50.533,98233.0,,88.4,54.7199
1985-11-01,109.0,50.68,98443.0,,90.9,54.9124
1985-12-01,109.5,50.85,98609.0,,93.9,55.4412
1986-01-01,109.9,51.084,98732.0,,95.6,55.7481
1986-02-01,109.7,51.084,98847.0,,95.9,55.3568
1986-03-01,109.1,50.972,98934.0,,95.1,54.9625
1986-04-01,108.7,50.868,99121.0,,96.2,55.0413
1986-05-01,109.0,50.961,99248.0,,94.8,55.1226
1986-06-01,109.4,51.151,99155.0,,99.3,54.9005
1986-07-01,109.5,51.164,99473.0,,97.7,55.2592
1986-08-01,109.6,51.228,99588.0,,94.9,55.1567
1986-09-01,110.0,51.396,99934.0,,91.9,55.2975
1986-10-01,110.2,51.488,100121.0,,95.6,55.5332
1986-11-01,110.4,51.58,100308.0,,91.4,55.7557
1986-12-01,110.8,51.651,100509.0,,89.1,56.2845
1987-01-01,111.4,51.894,100678.0,,90.4,56.0882
1987-02-01,111.8,52.076,100919.0,,90.2,56.8275
1987-03-01,112.2,52.214,101164.0,,90.8,56.9098
1987-04-01,112.7,52.409,101499.0,,92.8,57.2701
1987-05-01,113.0,52.542,101728.0,,91.1,57.6322
1987-06-01,113.5,52.741,101900.0,,91.5,57.9307
1987-07-01,113.8,52.863,102247.0,,93.7,58.3258
1987-08-01,114.3,53.072,102420.0,,94.4,58.7636
1987-09-01,114.7,53.251,102647.0,,93.6,58.9951
1987-10-01,115.0,53.42,103138.0,,89.3,59.781
1987-11-01,115.4,53.521,103372.0,,83.1,60.0726
1987-12-01,115.6,53.62,103661.0,,86.8,60.4095
1988-01-01,116.0,53.828,103753.0,,90.8,60.3976
1988-02-01,116.2,53.908,104214.0,,91.6,60.7003
1988-03-01,116.5,54.093,104489.0,,94.6,60.8501
1988-04-01,117.2,54.356,104732.0,,91.2,61.2031
1988-05-01,117.5,54.514,104962.0,,94.8,61.0797
1988-06-01,118.0,54.746,105326.0,,94.7,61.2569
1988-07-01,118.5,55.012,105550.0,,93.4,61.2659
1988-08-01,119.0,55.175,105674.0,,97.4,61.5731
1988-09-01,119.5,55.444,106013.0,,97.3,61.3807
1988-10-01,119.9,55.625,106276.0,,94.1,61.6453
1988-11-01,120.3,55.754,106617.0,,93.0,61.7944
1988-12-01,120.7,55.928,106898.0,,91.9,62.0743
1989-01-01,121.2,56.215,107161.0,,97.9,62.2574
1989-02-01,121.6,56.402,107427.0,,95.4,61.9819
1989-03-01,122.2,56.612,107621.0,,94.3,62.1369
1989-04-01,123.1,56.989,107791.0,,91.5,62.1276
1989-05-01,123.7,57.197,107913.0,,90.7,61.7744
1989-06-01,124.1,57.322,108027.0,,90.6,61.7697
1989-07-01,124.5,57.459,108069.0,,92.0,61.1738
1989-08-01,124.5,57.466,108120.0,,89.6,61.7732
1989-09-01,124.8,57.594,108369.0,,95.8,61.5796
1989-10-01,125.4,57.819,108476.0,,93.9,61.4966
1989-11-01,125.9,57.945,108752.0,,90.9,61.7044
1989-12-01,126.3,58.113,108836.0,,90.5,62.0428
1990-01-01,127.5,58.553,109196.0,,93.0,61.729
1990-02-01,128.0,58.811,109436.0,,89.5,62.2896
1990-03-01,128.6,59.033,109640.0,,91.3,62.5999
1990-04-01,128.9,59.157,109674.0,,93.9,62.4359
1990-05-01,129.1,59.29,109828.0,,90.6,62.6258
1990-06-01,129.9,59.552,109850.0,,88.3,62.8382
1990-07-01,130.5,59.699,109815.0,,88.2,62.7284
1990-08-01,131.6,60.096,109607.0,,76.4,62.9475
1990-09-01,132.5,60.465,109522.0,,72.8,62.9523
1990-10-01,133.4,60.811,109377.0,,63.9,62.5845
1990-11-01,133.7,60.888,109222.0,,66.0,61.7887
1990-12-01,134.2,60.945,109168.0,,65.5,61.3352
1991-01-01,134.7,61.177,109058.0,,66.8,61.1355
1991-02-01,134.8,61.208,108735.0,,70.4,60.6838
1991-03-01,134.8,61.221,108568.0,,87.7,60.3346
1991-04-01,135.1,61.332,108350.0,,81.8,60.4938
1991-05-01,135.6,61.586,108253.0,,78.3,61.0633
1991-06-01,136.0,61.69,108330.0,,82.1,61.5581
1991-07-01,136.2,61.787,108290.0,,82.9,61.7305
1991-08-01,136.6,61.931,108300.0,,82.0,61.7298
1991-09-01,137.0,62.144,108335.0,,83.0,62.2195
1991-10-01,137.2,62.26,108361.0,,78.3,62.1855
1991-11-01,137.8,62.397,108300.0,,69.1,62.0871
1991-12-01,138.2,62.553,108330.0,,68.2,61.7852
1992-01-01,138.3,62.638,108365.0,,67.5,61.4616
1992-02-01,138.6,62.797,108312.0,,68.8,61.8955
1992-03-01,139.1,62.949,108367.0,,76.0,62.4232
1992-04-01,139.4,63.119,108516.0,,77.2,62.897
1992-05-01,139.7,63.203,108646.0,,79.2,63.104
1992-06-01,140.1,63.315,108706.0,,80.4,63.1363
1992-07-01,140.5,63.524,108793.0,,76.6,63.7176
1992-08-01,140.8,63.609,108916.0,,76.1,63.3613
1992-09-01,141.1,63.713,108951.0,,75.6,63.5703
1992-10-01,141.7,63.938,109139.0,,73.3,63.9995
1992-11-01,142.1,64.064,109283.0,,85.3,64.2422
1992-12-01,142.3,64.176,109502.0,,91.0,64.3507
1993-01-01,142.8,64.332,109790.0,,89.3,64.5978
1993-02-01,143.1,64.429,110047.0,,86.6,64.9089
1993-03-01,143.3,64.561,110004.0,,85.9,64.8522
1993-04-01,143.8,64.733,110300.0,,85.6,65.0301
1993-05-01,144.2,64.933,110571.0,,80.3,64.784
1993-06-01,144.3,64.955,110742.0,,81.5,64.9301
1993-07-01,144.5,65.059,111054.0,,77.0,65.1052
1993-08-01,144.8,65.17,111200.0,,77.3,65.0267
1993-09-01,145.0,65.238,111448.0,,77.9,65.3717
1993-10-01,145.6,65.443,111734.0,,82.7,65.8509
1993-11-01,146.0,65.567,111987.0,,81.2,66.1518
1993-12-01,146.3,65.582,112325.0,,88.2,66.5436
1994-01-01,146.3,65.604,112601.0,,94.3,66.7351
1994-02-01,146.7,65.756,112782.0,,93.2,66.774
1994-03-01,147.1,65.937,113245.0,,91.5,67.4552
1994-04-01,147.2,66.015,113589.0,,92.6,67.8541
1994-05-01,147.5,66.111,113922.0,,92.8,68.1663
1994-06-01,147.9,66.272,114239.0,,91.2,68.6265
1994-07-01,148.4,66.481,114608.0,,89.0,68.7178
1994-08-01,149.0,66.634,114902.0,,91.7,69.1785
1994-09-01,149.3,66.708,115246.0,,91.5,69.3961
1994-10-01,149.4,66.821,115457.0,,92.7,69.9544
1994-11-01,149.8,66.948,115867.0,,91.6,70.4326
1994-12-01,150.1,66.991,116174.0,,95.1,71.1523
1995-01-01,150.5,67.127,116505.0,,97.6,71.2734
1995-02-01,150.9,67.246,116694.0,,95.1,71.193
1995-03-01,151.2,67.37,116908.0,,90.3,71.3113
1995-04-01,151.8,67.547,117066.0,,92.5,71.1882
1995-05-01,152.1,67.651,117046.0,,89.8,71.5378
1995-06-01,152.4,67.717,117291.0,,92.7,71.7749
1995-07-01,152.6,67.802,117382.0,,94.4,71.4748
1995-08-01,152.9,67.948,117646.0,,96.2,72.4223
1995-09-01,153.1,67.995,117873.0,,88.9,72.7144
1995-10-01,153.5,68.171,118026.0,,90.2,72.5866
1995-11-01,153.7,68.169,118165.0,,88.2,72.7779
1995-12-01,153.9,68.3,118325.0,,91.0,73.0305
1996-01-01,154.7,68.452,118317.0,,89.3,72.6125
1996-02-01,155.0,68.56,118738.0,,88.5,73.6752
1996-03-01,155.5,68.767,118992.0,,93.7,73.585
1996-04-01,156.1,68.973,119158.0,,92.7,74.3172
1996-05-01,156.4,69.092,119497.0,,89.4,74.8726
1996-06-01,156.7,69.091,119770.0,,92.4,75.4433
1996-07-01,157.0,69.237,120019.0,,94.7,75.4549
1996-08-01,157.2,69.303,120198.0,,95.3,75.8411
1996-09-01,157.7,69.499,120400.0,,94.7,76.3158
1996-10-01,158.2,69.709,120665.0,,96.5,76.3384
1996-11-01,158.7,69.833,120947.0,,99.2,77.0397
1996-12-01,159.1,69.914,121143.0,,96.9,77.5333
1997-01-01,159.4,70.005,121356.0,,97.4,77.6562
1997-02-01,159.7,70.151,121673.0,,99.7,78.5833
1997-03-01,159.8,70.225,121991.0,,100.0,79.082
1997-04-01,159.9,70.294,122289.0,,101.4,79.1747
1997-05-01,159.9,70.262,122560.0,,103.2,79.6133
1997-06-01,160.2,70.352,122816.0,,104.5,79.9792
1997-07-01,160.4,70.394,123114.0,,107.1,80.6624
1997-08-01,160.8,70.45,123087.0,,104.4,81.4694
1997-09-01,161.2,70.62,123575.0,,106.0,82.2156
1997-10-01,161.5,70.712,123924.0,,105.6,82.9446
1997-11-01,161.7,70.716,124225.0,,107.2,83.5978
1997-12-01,161.8,70.701,124549.0,,102.1,83.9538
1998-01-01,162.0,70.736,124806.0,,106.6,84.3218
1998-02-01,162.0,70.699,125017.0,,110.4,84.4583
1998-03-01,162.0,70.71,125165.0,,106.5,84.488
1998-04-01,162.2,70.798,125445.0,,108.7,84.7779
1998-05-01,162.6,70.895,125845.0,,106.5,85.3367
1998-06-01,162.8,70.835,126076.0,,105.6,84.8248
1998-07-01,163.2,71.01,126212.0,,105.2,84.4986
1998-08-01,163.4,71.108,126546.0,,104.4,86.248
1998-09-01,163.5,71.067,126744.0,,100.9,86.2021
1998-10-01,163.9,71.223,126949.0,,97.4,86.7914
1998-11-01,164.1,71.226,127222.0,,102.7,86.7256
1998-12-01,164.4,71.298,127595.0,,100.5,87.1185
1999-01-01,164.7,71.398,127699.0,,103.9,87.4949
1999-02-01,164.7,71.358,128117.0,,108.1,88.027
1999-03-01,164.8,71.412,128234.0,,105.7,88.2267
1999-04-01,165.9,71.757,128595.0,,104.6,88.4295
1999-05-01,166.0,71.804,128813.0,,106.8,88.9886
1999-06-01,166.0,71.826,129084.0,,107.3,88.9188
1999-07-01,166.7,72.017,129422.0,,106.0,89.4333
1999-08-01,167.1,72.148,129572.0,,104.5,89.7924
1999-09-01,167.8,72.407,129771.0,,107.2,89.4299
1999-10-01,168.1,72.529,130178.0,,103.2,90.523
1999-11-01,168.4,72.594,130466.0,,107.2,90.9618
1999-12-01,168.8,72.763,130783.0,,105.4,91.6634
2000-01-01,169.3,72.961,131011.0,,112.0,91.538
2000-02-01,170.0,73.191,131120.0,,111.3,91.8239
2000-03-01,171.0,73.505,131604.0,,107.1,92.1504
2000-04-01,170.9,73.444,131884.0,,109.2,92.6989
2000-05-01,171.2,73.505,132105.0,,110.7,92.9499
2000-06-01,172.2,73.754,132063.0,,106.4,92.9862
2000-07-01,172.7,73.939,132228.0,,108.3,92.8048
2000-08-01,172.7,73.934,132234.0,,107.3,92.5521
2000-09-01,173.6,74.252,132337.0,,106.8,92.9792
2000-10-01,173.9,74.353,132352.0,,105.8,92.6179
2000-11-01,174.2,74.457,132556.0,,107.6,92.6438
2000-12-01,174.6,74.571,132716.0,5088.0,98.4,92.3415
2001-01-01,175.6,74.932,132703.0,5234.0,94.7,91.902
2001-02-01,176.0,75.048,132788.0,5097.0,90.6,91.3034
2001-03-01,176.1,75.055,132751.0,4762.0,91.5,91.1162
2001-04-01,176.4,75.187,132458.0,4615.0,88.4,90.7891
2001-05-01,177.3,75.385,132408.0,4425.0,92.0,90.3555
2001-06-01,177.7,75.518,132300.0,4361.0,92.6,89.8784
2001-07-01,177.4,75.493,132172.0,4447.0,92.4,89.3028
2001-08-01,177.4,75.484,132021.0,4024.0,91.5,89.2003
2001-09-01,178.1,75.227,131763.0,4071.0,81.8,88.7485
2001-10-01,177.6,75.492,131452.0,3707.0,82.7,88.5052
2001-11-01,177.5,75.441,131144.0,3775.0,83.9,87.97
2001-12-01,177.4,75.363,130983.0,3677.0,88.8,87.9324
2002-01-01,177.7,75.431,130859.0,3699.0,93.0,88.5176
2002-02-01,178.0,75.558,130737.0,3436.0,90.7,88.5278
2002-03-01,178.5,75.763,130722.0,3612.0,95.7,89.1686
2002-04-01,179.3,76.08,130616.0,3471.0,93.0,89.604
2002-05-01,179.5,76.13,130632.0,3457.0,96.9,89.964
2002-06-01,179.6,76.225,130674.0,3412.0,92.4,90.7061
2002-07-01,180.0,76.393,130584.0,3367.0,88.1,90.6769
2002-08-01,180.5,76.543,130581.0,3517.0,87.6,90.5762
2002-09-01,180.8,76.681,130502.0,3301.0,86.1,90.6531
2002-10-01,181.2,76.821,130617.0,3479.0,80.6,90.4643
2002-11-01,181.5,76.897,130616.0,3514.0,84.2,90.9711
2002-12-01,181.8,76.971,130465.0,3169.0,86.7,90.4652
2003-01-01,182.6,77.201,130573.0,3441.0,82.4,91.2361
2003-02-01,183.6,77.526,130441.0,3229.0,79.9,91.3445
2003-03-01,183.9,77.725,130235.0,3099.0,77.6,91.1044
2003-04-01,183.2,77.593,130173.0,3108.0,86.0,90.5617
2003-05-01,182.9,77.504,130197.0,3289.0,92.1,90.537
2003-06-01,183.1,77.588,130186.0,3390.0,89.7,90.6527
2003-07-01,183.7,77.816,130184.0,2981.0,90.9,91.1185
2003-08-01,184.5,78.079,130153.0,3190.0,89.3,90.9197
2003-09-01,185.1,78.323,130252.0,3091.0,87.7,91.5059
2003-10-01,184.9,78.333,130439.0,3305.0,89.6,91.6186
2003-11-01,185.0,78.432,130480.0,3324.0,93.7,92.2329
2003-12-01,185.5,78.605,130589.0,3414.0,92.6,92.2602
2004-01-01,186.3,78.909,130756.0,3424.0,103.8,92.4006
2004-02-01,186.7,79.077,130821.0,3532.0,94.4,92.958
2004-03-01,187.1,79.199,131140.0,3525.0,95.8,92.5861
2004-04-01,187.4,79.346,131412.0,3511.0,94.2,92.93
2004-05-01,188.2,79.604,131697.0,3710.0,90.2,93.6013
2004-06-01,188.9,79.831,131794.0,3337.0,95.6,92.871
2004-07-01,189.1,79.905,131854.0,3814.0,96.7,93.5649
2004-08-01,189.2,79.946,131939.0,3541.0,95.9,93.6277
2004-09-01,189.8,80.104,132089.0,3821.0,94.2,93.7467
2004-10-01,190.8,80.448,132429.0,3943.0,91.7,94.5465
2004-11-01,191.7,80.758,132503.0,3472.0,92.8,94.7813
2004-12-01,191.7,80.801,132630.0,4074.0,97.1,95.5365
2005-01-01,191.6,80.907,132781.0,3804.0,95.5,95.8801
2005-02-01,192.4,81.132,133034.0,3965.0,94.1,96.5761
2005-03-01,193.1,81.375,133154.0,4044.0,92.6,96.4456
2005-04-01,193.7,81.603,133520.0,4159.0,87.7,96.6532
2005-05-01,193.6,81.649,133689.0,3797.0,86.9,96.7402
2005-06-01,193.7,81.7,133948.0,4062.0,96.0,97.1753
2005-07-01,194.9,82.046,134300.0,4256.0,96.5,96.8676
2005-08-01,196.1,82.377,134502.0,4142.0,89.1,97.1833
2005-09-01,198.8,83.172,134552.0,4352.0,76.9,95.3005
2005-10-01,199.1,83.305,134641.0,4184.0,74.2,96.4572
2005-11-01,198.1,83.131,134997.0,4248.0,81.6,97.5414
2005-12-01,198.1,83.131,135159.0,4282.0,91.5,98.0452
2006-01-01,199.3,83.534,135427.0,4397.0,91.2,98.1999
2006-02-01,199.4,83.584,135733.0,4325.0,86.7,98.2413
2006-03-01,199.7,83.746,136038.0,4732.0,88.9,98.4628
2006-04-01,200.7,84.135,136210.0,4790.0,87.4,98.7618
2006-05-01,201.3,84.361,136249.0,4463.0,79.1,98.7869
2006-06-01,201.8,84.569,136337.0,4614.0,84.9,99.0997
2006-07-01,202.9,84.858,136529.0,4394.0,84.7,99.0489
2006-08-01,203.8,85.125,136692.0,4710.0,82.0,99.4836
2006-09-01,202.8,84.902,136826.0,4737.0,85.4,99.3183
2006-10-01,201.9,84.702,136843.0,4591.0,93.6,99.2044
2006-11-01,202.0,84.731,137060.0,4645.0,92.1,99.1627
2006-12-01,203.1,85.032,137249.0,4620.0,91.7,100.1735
2007-01-01,203.437,85.316,137472.0,4763.0,96.9,99.8346
2007-02-01,204.226,85.581,137560.0,4699.0,91.3,100.7753
2007-03-01,205.288,85.894,137784.0,4962.0,88.4,100.9547
2007-04-01,205.904,86.096,137847.0,4689.0,87.1,101.6334
2007-05-01,206.755,86.346,137992.0,4657.0,88.3,101.7306
2007-06-01,207.234,86.529,138070.0,4859.0,85.3,101.7893
2007-07-01,207.603,86.661,138044.0,4598.0,90.4,101.6672
2007-08-01,207.667,86.72,138013.0,4546.0,83.4,101.863
2007-09-01,208.547,87.054,138099.0,4652.0,83.4,102.0894
2007-10-01,209.19,87.318,138175.0,4636.0,80.9,101.8015
2007-11-01,210.834,87.781,138290.0,4646.0,76.1,102.3446
2007-12-01,211.445,87.984,138395.0,4545.0,75.5,102.3803
2008-01-01,212.174,88.206,138391.0,4624.0,78.4,102.2448
2008-02-01,212.687,88.382,138329.0,4279.0,70.8,101.8438
2008-03-01,213.448,88.635,138259.0,4225.0,69.5,101.5336
2008-04-01,213.942,88.799,138040.0,4035.0,62.6,100.8785
2008-05-01,215.208,89.18,137851.0,4194.0,59.8,100.2674
2008-06-01,217.463,89.827,137700.0,3830.0,56.4,100.0335
2008-07-01,219.016,90.245,137497.0,3749.0,61.2,99.676
2008-08-01,218.69,90.172,137211.0,3674.0,63.0,98.1111
2008-09-01,218.877,90.247,136760.0,3222.0,70.3,93.7895
2008-10-01,216.995,89.651,136291.0,3377.0,57.6,94.7219
2008-11-01,213.153,88.593,135541.0,3231.0,55.3,93.4715
2008-12-01,211.398,88.098,134847.0,3146.0,60.1,90.8357
2009-01-01,211.933,88.108,134079.0,2738.0,61.2,88.57
2009-02-01,212.705,88.266,133318.0,2864.0,56.3,88.031
2009-03-01,212.495,88.169,132494.0,2534.0,57.3,86.6528
2009-04-01,212.709,88.295,131822.0,2295.0,65.1,85.9344
2009-05-01,213.022,88.387,131466.0,2549.0,68.7,85.0665
2009-06-01,214.79,88.912,131008.0,2503.0,70.8,84.7459
2009-07-01,214.726,88.922,130662.0,2232.0,66.0,85.7027
2009-08-01,215.445,89.18,130472.0,2338.0,65.7,86.6426
2009-09-01,215.861,89.324,130246.0,2487.0,73.5,87.4063
2009-10-01,216.509,89.663,130061.0,2406.0,70.6,87.6419
2009-11-01,217.234,89.887,130057.0,2503.0,67.4,88.0221
2009-12-01,217.347,89.939,129808.0,2568.0,72.5,88.3793
2010-01-01,217.488,90.136,129802.0,2837.0,74.4,89.3426
2010-02-01,217.281,90.134,129706.0,2666.0,73.6,89.6779
2010-03-01,217.353,90.261,129866.0,2679.0,73.6,90.2928
2010-04-01,217.403,90.31,130120.0,3153.0,72.2,90.5991
2010-05-01,217.29,90.339,130642.0,2988.0,73.6,91.823
2010-06-01,217.199,90.301,130510.0,2801.0,76.0,91.9928
2010-07-01,217.605,90.378,130415.0,3082.0,67.8,92.3421
2010-08-01,217.923,90.502,130415.0,2999.0,68.9,92.6805
2010-09-01,218.275,90.592,130341.0,2918.0,68.2,92.9537
2010-10-01,219.035,90.881,130620.0,3235.0,67.7,92.6903
2010-11-01,219.59,91.062,130749.0,3211.0,71.6,92.7709
2010-12-01,220.472,91.268,130830.0,3058.0,74.5,93.6787
2011-01-01,221.187,91.542,130837.0,3104.0,74.2,93.4814
2011-02-01,221.898,91.797,131057.0,3226.0,77.5,93.1102
2011-03-01,223.046,92.166,131283.0,3261.0,67.5,94.0788
2011-04-01,224.093,92.557,131597.0,3259.0,69.8,93.7749
2011-05-01,224.806,92.838,131703.0,3179.0,74.3,93.888
2011-06-01,224.806,92.819,131931.0,3455.0,71.5,94.172
2011-07-01,225.395,92.977,131992.0,3623.0,63.7,94.636
2011-08-01,226.106,93.196,132125.0,3329.0,55.8,95.2749
2011-09-01,226.597,93.327,132344.0,3774.0,59.5,95.1961
2011-10-01,226.75,93.329,132553.0,3619.0,60.8,95.8568
2011-11-01,227.169,93.52,132690.0,3565.0,63.7,95.8485
2011-12-01,227.223,93.574,132888.0,3768.0,69.9,96.3571
2012-01-01,227.842,93.894,133246.0,3909.0,75.0,96.9318
2012-02-01,228.329,94.104,133509.0,3616.0,75.3,97.2435
2012-03-01,228.807,94.284,133748.0,3979.0,76.2,96.74
2012-04-01,229.187,94.408,133825.0,3793.0,76.4,97.4359
2012-05-01,228.713,94.302,133932.0,3835.0,79.3,97.6609
2012-06-01,228.524,94.254,134013.0,3911.0,73.2,97.6663
2012-07-01,228.59,94.288,134157.0,3735.0,72.3,97.8713
2012-08-01,229.918,94.605,134339.0,3809.0,74.3,97.4525
2012-09-01,231.015,94.893,134517.0,3882.0,78.3,97.381
2012-10-01,231.638,95.174,134669.0,3775.0,82.6,97.7193
2012-11-01,231.249,95.109,134825.0,3878.0,82.7,98.0777
2012-12-01,231.221,95.094,135074.0,3970.0,72.9,98.3101
2013-01-01,231.679,95.275,135257.0,3923.0,73.8,98.3342
2013-02-01,232.937,95.614,135546.0,4004.0,77.6,98.7941
2013-03-01,232.282,95.488,135689.0,4076.0,78.6,99.1921
2013-04-01,231.797,95.391,135873.0,3988.0,76.4,99.1065
2013-05-01,231.893,95.461,136096.0,4145.0,84.5,99.1839
2013-06-01,232.445,95.673,136279.0,4150.0,84.1,99.3897
2013-07-01,232.9,95.792,136391.0,3885.0,85.1,99.0814
2013-08-01,233.456,95.934,136646.0,4085.0,82.1,99.6543
2013-09-01,233.544,95.976,136821.0,4128.0,77.5,100.161
2013-10-01,233.669,96.103,137041.0,4222.0,73.2,100.082
2013-11-01,234.1,96.246,137317.0,4119.0,75.1,100.3158
2013-12-01,234.719,96.414,137372.0,4121.0,82.5,100.5175
2014-01-01,235.288,96.614,137561.0,4127.0,81.2,100.1599
2014-02-01,235.547,96.66,137712.0,4373.0,81.6,100.9168
2014-03-01,236.028,96.815,137985.0,4388.0,80.0,101.8942
2014-04-01,236.468,96.987,138298.0,4566.0,84.1,101.9928
2014-05-01,236.918,97.147,138513.0,4747.0,81.9,102.3836
2014-06-01,237.231,97.253,138849.0,4982.0,82.5,102.735
2014-07-01,237.498,97.391,139072.0,4846.0,81.8,102.9632
2014-08-01,237.46,97.379,139269.0,5349.0,82.5,102.7688
2014-09-01,237.477,97.413,139563.0,4914.0,84.6,103.0641
2014-10-01,237.43,97.384,139798.0,5012.0,86.9,103.0764
2014-11-01,236.983,97.291,140089.0,4843.0,88.8,103.7126
2014-12-01,236.252,97.12,140364.0,5130.0,93.6,103.7044
2015-01-01,234.747,96.654,140568.0,5344.0,98.1,102.8905
2015-02-01,235.342,96.825,140827.0,5466.0,95.4,102.2335
2015-03-01,235.976,97.008,140923.0,5210.0,93.0,101.8914
2015-04-01,236.222,97.094,141196.0,5598.0,95.9,101.3355
2015-05-01,237.001,97.327,141538.0,5563.0,90.7,100.8883
2015-06-01,237.657,97.516,141709.0,5248.0,96.1,100.571
2015-07-01,238.034,97.605,141991.0,6056.0,93.1,101.2228
2015-08-01,238.033,97.612,142125.0,5467.0,91.9,101.0367
2015-09-01,237.498,97.477,142275.0,5488.0,87.2,100.7547
2015-10-01,237.733,97.477,142579.0,5773.0,90.0,100.2675
2015-11-01,238.017,97.538,142808.0,5708.0,91.3,99.5298
2015-12-01,237.761,97.456,143077.0,5845.0,92.6,99.0417
2016-01-01,237.652,97.496,143210.0,6012.0,92.0,99.5607
2016-02-01,237.336,97.445,143406.0,5770.0,91.7,99.0445
2016-03-01,238.08,97.673,143662.0,6129.0,91.0,98.3096
2016-04-01,238.992,97.993,143854.0,5803.0,89.0,98.6421
2016-05-01,239.557,98.153,143900.0,5777.0,94.7,98.4184
2016-06-01,240.222,98.325,144147.0,5742.0,93.5,98.8833
2016-07-01,240.101,98.342,144520.0,5962.0,90.0,98.9992
2016-08-01,240.545,98.479,144661.0,5677.0,89.8,98.85
2016-09-01,241.176,98.666,144967.0,5868.0,91.2,98.7457
2016-10-01,241.741,98.868,145065.0,5591.0,87.2,98.7611
2016-11-01,242.026,98.901,145183.0,5971.0,93.8,98.3491
2016-12-01,242.637,99.071,145408.0,5964.0,98.2,99.0214
2017-01-01,243.618,99.451,145628.0,5617.0,98.5,98.7611
2017-02-01,244.006,99.586,145846.0,5923.0,96.3,98.3646
2017-03-01,243.892,99.535,145970.0,5811.0,96.9,99.0137
2017-04-01,244.193,99.725,146175.0,6091.0,97.0,100.0224
2017-05-01,244.004,99.682,146380.0,5826.0,97.1,100.1408
2017-06-01,244.163,99.766,146583.0,6305.0,95.0,100.3471
2017-07-01,244.243,99.803,146772.0,6238.0,93.4,100.1068
2017-08-01,245.183,100.027,146919.0,6276.0,96.8,99.6925
2017-09-01,246.435,100.4,147008.0,6320.0,95.1,99.7954
2017-10-01,246.626,100.531,147149.0,6408.0,100.7,101.0247
2017-11-01,247.284,100.675,147372.0,6271.0,98.5,101.2664
2017-12-01,247.805,100.821,147523.0,6336.0,95.9,101.4644
2018-01-01,248.859,101.199,147660.0,6621.0,95.7,101.4625
2018-02-01,249.529,101.416,148054.0,6552.0,99.7,101.7085
2018-03-01,249.577,101.524,148280.0,6818.0,101.4,102.2067
2018-04-01,250.227,101.766,148420.0,6877.0,98.8,103.3329
2018-05-01,250.792,101.941,148742.0,7016.0,98.0,102.4024
2018-06-01,251.018,102.029,148960.0,7230.0,98.2,103.198
2018-07-01,251.214,102.137,149020.0,7190.0,97.9,103.3646
2018-08-01,251.663,102.208,149277.0,7208.0,96.2,104.0327
2018-09-01,252.182,102.418,149358.0,7411.0,100.1,104.1004
2018-10-01,252.772,102.595,149527.0,7304.0,98.6,103.9856
2018-11-01,252.594,102.63,149617.0,7594.0,97.5,104.0681
2018-12-01,252.767,102.701,149809.0,7489.0,98.3,104.0936
2019-01-01,252.561,102.648,150060.0,7502.0,91.2,103.4021
2019-02-01,253.319,102.836,150067.0,7066.0,93.8,102.8371
2019-03-01,254.277,103.069,150295.0,7317.0,98.4,102.8757
2019-04-01,255.233,103.36,150591.0,7272.0,97.2,102.274
2019-05-01,255.296,103.435,150618.0,7275.0,100.0,102.392
2019-06-01,255.213,103.484,150838.0,7194.0,98.2,102.4375
2019-07-01,255.802,103.622,150937.0,7042.0,98.4,101.9408
2019-08-01,256.036,103.67,151169.0,7178.0,89.8,102.639
2019-09-01,256.43,103.733,151365.0,7124.0,93.2,102.2917
2019-10-01,257.155,103.917,151460.0,7289.0,95.5,101.4281
2019-11-01,257.879,104.024,151667.0,6888.0,96.8,101.9372
2019-12-01,258.63,104.307,151794.0,6699.0,99.3,101.7003
2020-01-01,259.127,104.49,152031.0,7124.0,99.8,101.0338
2020-02-01,259.25,104.573,152293.0,6966.0,101.0,101.3735
2020-03-01,258.076,104.271,150895.0,5894.0,89.1,97.4078
2020-04-01,256.032,103.838,130426.0,4606.0,71.8,84.5619
2020-05-01,255.802,103.942,133040.0,5612.0,72.3,85.9604
2020-06-01,257.042,104.27,137671.0,6129.0,78.1,91.5934
2020-07-01,258.352,104.578,139255.0,6530.0,72.5,95.0256
2020-08-01,259.316,104.87,140821.0,6429.0,74.1,95.9549
2020-09-01,259.997,105.057,141770.0,6511.0,80.4,95.9669
2020-10-01,260.319,105.151,142460.0,6798.0,81.8,96.7394
2020-11-01,260.911,105.258,142733.0,6820.0,76.9,97.0816
2020-12-01,262.045,105.699,142548.0,6773.0,80.7,98.363
2021-01-01,262.687,106.147,142863.0,7162.0,79.0,98.8822
2021-02-01,263.579,106.5,143380.0,7827.0,76.8,95.6149
2021-03-01,264.961,107.054,144232.0,8499.0,84.9,98.3856
2021-04-01,266.614,107.618,144587.0,9346.0,88.3,98.5587
2021-05-01,268.383,108.175,145065.0,9954.0,82.9,99.4333
2021-06-01,270.654,108.76,145820.0,10319.0,85.5,99.7987
2021-07-01,271.903,109.256,146762.0,10983.0,81.2,100.2519
2021-08-01,272.676,109.674,147314.0,10872.0,70.3,100.0437
2021-09-01,273.91,110.034,147771.0,10834.0,72.8,98.8579
2021-10-01,276.55,110.762,148572.0,11238.0,71.7,100.1861
2021-11-01,278.919,111.5,149230.0,11199.0,67.4,100.8654
2021-12-01,280.845,112.191,149816.0,11520.0,70.6,100.5726
2022-01-01,282.543,112.805,150006.0,11210.0,67.2,100.1856
2022-02-01,284.5,113.471,150825.0,11698.0,62.8,100.8064
2022-03-01,287.674,114.469,151315.0,12301.0,59.4,101.3907
2022-04-01,288.561,114.812,151623.0,11861.0,65.2,101.44
2022-05-01,291.298,115.525,151924.0,11535.0,58.4,101.3335
2022-06-01,294.957,116.638,152358.0,11283.0,50.0,101.018
2022-07-01,294.913,116.631,153072.0,11576.0,51.5,101.223
2022-08-01,295.097,116.956,153362.0,10092.0,58.2,101.0963
2022-09-01,296.349,117.371,153582.0,10800.0,58.6,101.2918
2022-10-01,298.007,117.919,153939.0,10447.0,59.9,101.2529
2022-11-01,298.786,118.224,154242.0,10632.0,56.7,100.9552
2022-12-01,298.832,118.384,154342.0,10902.0,59.8,99.7664
2023-01-01,300.42,119.018,154776.0,10318.0,64.9,100.505
2023-02-01,301.45,119.369,155066.0,9857.0,66.9,100.6416
2023-03-01,301.821,119.538,155134.0,9655.0,62.0,101.0205
2023-04-01,302.845,119.951,155375.0,9966.0,63.7,101.253
2023-05-01,303.334,120.15,155655.0,9368.0,59.0,100.9286
2023-06-01,304.014,120.469,155880.0,9180.0,64.2,100.1196
2023-07-01,304.609,120.607,156043.0,8657.0,71.5,100.9067
2023-08-01,306.082,120.97,156261.0,9254.0,69.4,100.8393
2023-09-01,307.276,121.419,156417.0,9259.0,67.8,101.0211
2023-10-01,307.696,121.484,156576.0,8580.0,63.8,100.4689
2023-11-01,308.148,121.493,156703.0,8602.0,61.3,100.8639
2023-12-01,308.741,121.66,156857.0,8520.0,69.7,100.6031
2024-01-01,309.698,122.23,157032.0,8378.0,79.0,99.2223
2024-02-01,310.967,122.598,157238.0,8440.0,76.9,100.285
2024-03-01,312.345,123.038,157466.0,8206.0,79.4,100.4575
2024-04-01,313.023,123.341,157530.0,7529.0,77.2,100.2434
2024-05-01,313.175,123.348,157608.0,7782.0,69.1,100.863
2024-06-01,313.044,123.539,157695.0,7416.0,68.2,100.894
2024-07-01,313.569,123.736,157748.0,7426.0,66.4,99.9757
2024-08-01,314.062,123.889,157757.0,7520.0,67.9,100.4309
2024-09-01,314.732,124.164,157912.0,6943.0,70.1,99.8084
2024-10-01,315.631,124.494,157945.0,7379.0,70.5,99.4695
2024-11-01,316.528,124.637,158079.0,7566.0,71.8,99.2925
2024-12-01,317.604,124.979,158316.0,7295.0,74.0,100.3273
2025-01-01,318.961,125.417,158268.0,7431.0,71.7,100.0647
2025-02-01,319.679,125.921,158310.0,7242.0,64.7,101.0993
2025-03-01,319.785,125.941,158377.0,6952.0,57.0,101.0404
2025-04-01,320.302,126.15,158485.0,7098.0,52.2,101.1279
2025-05-01,320.62,126.38,158498.0,7310.0,52.2,100.9655
2025-06-01,321.435,126.743,158478.0,7204.0,60.7,101.4785
2025-07-01,322.169,126.96,158542.0,7089.0,61.7,101.894
2025-08-01,323.291,127.293,158472.0,6919.0,58.2,101.6247
2025-09-01,324.245,127.625,158548.0,7169.0,55.1,101.668
2025-10-01,,127.871,158408.0,7170.0,53.6,101.2075
2025-11-01,325.063,128.152,158449.0,6846.0,51.0,101.3605
2025-12-01,326.031,128.576,158432.0,6550.0,52.9,101.6781
2026-01-01,326.588,128.965,158592.0,7240.0,56.4,102.3963
2026-02-01,327.46,129.449,158459.0,6882.0,56.6,102.551
2026-03-01,330.293,,158637.0,,,
